[
    {
        "fields": {
            "color": "#0A2D5D",
            "meta": null,
            "name": "verdorben"
        },
        "model": "annotations.tag",
        "pk": 2769
    },
    {
        "fields": {
            "color": "#cab2d6",
            "meta": null,
            "name": "#simp_ja"
        },
        "model": "annotations.tag",
        "pk": 248
    },
    {
        "fields": {
            "color": "#a6cee3",
            "meta": null,
            "name": "#rel_zeit"
        },
        "model": "annotations.tag",
        "pk": 246
    },
    {
        "fields": {
            "color": "#b2df8a",
            "meta": null,
            "name": "#rel_reg"
        },
        "model": "annotations.tag",
        "pk": 147
    },
    {
        "fields": {
            "color": "#F6777F",
            "meta": null,
            "name": "krank"
        },
        "model": "annotations.tag",
        "pk": 2770
    },
    {
        "fields": {
            "color": "#ff7f00",
            "meta": null,
            "name": "#Fehler_Sigle"
        },
        "model": "annotations.tag",
        "pk": 260
    },
    {
        "fields": {
            "es_id": "f243_qdb-d1e73063",
            "index": "",
            "scans": null,
            "tag": [
                2770,
                147,
                246,
                248
            ],
            "version": null,
            "xml": "",
            "xml_error_message": "",
            "xml_modified_by": null
        },
        "model": "annotations.es_document",
        "pk": 47
    },
    {
        "fields": {
            "es_id": "f243_qdb-d1e72630",
            "index": "",
            "scans": null,
            "tag": [
                147,
                246,
                248,
                2769
            ],
            "version": null,
            "xml": "",
            "xml_error_message": "",
            "xml_modified_by": null
        },
        "model": "annotations.es_document",
        "pk": 45
    },
    {
        "fields": {
            "es_id": "f243_qdb-d1e29146",
            "index": "",
            "scans": null,
            "tag": [
                260,
                2770,
                147,
                246,
                248
            ],
            "version": null,
            "xml": "",
            "xml_error_message": "",
            "xml_modified_by": null
        },
        "model": "annotations.es_document",
        "pk": 46
    },
    {
        "fields": {
            "date_joined": "2018-09-13T08:24:26.567Z",
            "email": "",
            "first_name": "",
            "groups": [],
            "is_active": true,
            "is_staff": true,
            "is_superuser": true,
            "last_login": "2019-05-14T13:24:54.297Z",
            "last_name": "",
            "password": "",
            "user_permissions": [],
            "username": "kzaytseva"
        },
        "model": "auth.user",
        "pk": 1
    },
    {
        "fields": {
            "category": null,
            "comment": "test",
            "created": "2018-11-22T15:13:41.557Z",
            "created_by": 1,
            "curator": [],
            "deleted": false,
            "description": "",
            "es_document": [
                46,
                45,
                47
            ],
            "lemma_id": null,
            "modified": "2020-10-16T17:53:47.525Z",
            "public": false,
            "title": "TestCollection01"
        },
        "model": "annotations.collection",
        "pk": 36
    },
    {
        "fields": {
            "codename": "view_es_document",
            "content_type": 7,
            "name": "Can view es_document"
        },
        "model": "auth.permission",
        "pk": 28
    },
    {
        "fields": {
            "codename": "delete_es_document",
            "content_type": 7,
            "name": "Can delete es_document"
        },
        "model": "auth.permission",
        "pk": 27
    },
    {
        "fields": {
            "codename": "change_es_document",
            "content_type": 7,
            "name": "Can change es_document"
        },
        "model": "auth.permission",
        "pk": 26
    },
    {
        "fields": {
            "codename": "add_es_document",
            "content_type": 7,
            "name": "Can add es_document"
        },
        "model": "auth.permission",
        "pk": 25
    },
    {
        "fields": {
            "codename": "view_collection",
            "content_type": 8,
            "name": "Can view collection"
        },
        "model": "auth.permission",
        "pk": 32
    },
    {
        "fields": {
            "codename": "delete_collection",
            "content_type": 8,
            "name": "Can delete collection"
        },
        "model": "auth.permission",
        "pk": 31
    },
    {
        "fields": {
            "codename": "change_collection",
            "content_type": 8,
            "name": "Can change collection"
        },
        "model": "auth.permission",
        "pk": 30
    },
    {
        "fields": {
            "codename": "add_collection",
            "content_type": 8,
            "name": "Can add collection"
        },
        "model": "auth.permission",
        "pk": 29
    },
    {
        "fields": {
            "codename": "view_category",
            "content_type": 10,
            "name": "Can view category"
        },
        "model": "auth.permission",
        "pk": 40
    },
    {
        "fields": {
            "codename": "delete_category",
            "content_type": 10,
            "name": "Can delete category"
        },
        "model": "auth.permission",
        "pk": 39
    },
    {
        "fields": {
            "codename": "change_category",
            "content_type": 10,
            "name": "Can change category"
        },
        "model": "auth.permission",
        "pk": 38
    },
    {
        "fields": {
            "codename": "add_category",
            "content_type": 10,
            "name": "Can add category"
        },
        "model": "auth.permission",
        "pk": 37
    },
    {
        "fields": {
            "codename": "view_annotation",
            "content_type": 9,
            "name": "Can view annotation"
        },
        "model": "auth.permission",
        "pk": 36
    },
    {
        "fields": {
            "codename": "delete_annotation",
            "content_type": 9,
            "name": "Can delete annotation"
        },
        "model": "auth.permission",
        "pk": 35
    },
    {
        "fields": {
            "codename": "change_annotation",
            "content_type": 9,
            "name": "Can change annotation"
        },
        "model": "auth.permission",
        "pk": 34
    },
    {
        "fields": {
            "codename": "add_annotation",
            "content_type": 9,
            "name": "Can add annotation"
        },
        "model": "auth.permission",
        "pk": 33
    },
    {
        "fields": {
            "color": "#1f78b4",
            "meta": null,
            "name": "#irr_zeit"
        },
        "model": "annotations.tag",
        "pk": 255
    },
    {
        "fields": {
            "color": "#59B6C1",
            "meta": null,
            "name": "faulig, schl\u00fcpfrig"
        },
        "model": "annotations.tag",
        "pk": 3907
    },
    {
        "fields": {
            "color": "#9D1C66",
            "meta": null,
            "name": "SYN_AV_recht_irr"
        },
        "model": "annotations.tag",
        "pk": 2423
    },
    {
        "fields": {
            "color": "#CA33B6",
            "meta": null,
            "name": "SYN_AV_ganz_irr"
        },
        "model": "annotations.tag",
        "pk": 2248
    },
    {
        "fields": {
            "color": "#652B4F",
            "meta": null,
            "name": "anfaulen_faulen_beginnen"
        },
        "model": "annotations.tag",
        "pk": 2231
    },
    {
        "fields": {
            "color": "#536F7A",
            "meta": null,
            "name": "faulen_F\u00e4ulnis"
        },
        "model": "annotations.tag",
        "pk": 2177
    },
    {
        "fields": {
            "color": "#6a3d9a",
            "meta": null,
            "name": "#simp_nein"
        },
        "model": "annotations.tag",
        "pk": 249
    },
    {
        "fields": {
            "color": "#06CB87",
            "meta": null,
            "name": "m\u00fcde"
        },
        "model": "annotations.tag",
        "pk": 2773
    },
    {
        "fields": {
            "color": "#F30A10",
            "meta": null,
            "name": "tr\u00e4ge"
        },
        "model": "annotations.tag",
        "pk": 2772
    },
    {
        "fields": {
            "name": "general",
            "permissions": [
                33,
                34,
                35,
                36,
                37,
                38,
                39,
                40,
                29,
                30,
                31,
                32,
                25,
                26,
                27,
                28
            ]
        },
        "model": "auth.group",
        "pk": 1
    },
    {
        "fields": {
            "color": "#38FB70",
            "meta": null,
            "name": "unf\u00e4hig"
        },
        "model": "annotations.tag",
        "pk": 2774
    },
    {
        "fields": {
            "color": "#C0B2DD",
            "meta": null,
            "name": "Redewendung"
        },
        "model": "annotations.tag",
        "pk": 328
    },
    {
        "fields": {
            "color": "#b15928",
            "meta": null,
            "name": "#Bed_unklar"
        },
        "model": "annotations.tag",
        "pk": 293
    },
    {
        "fields": {
            "color": "red",
            "meta": null,
            "name": "irr_geo"
        },
        "model": "annotations.tag",
        "pk": 141
    },
    {
        "fields": {
            "color": "#BECC1E",
            "meta": null,
            "name": "faul_modrig"
        },
        "model": "annotations.tag",
        "pk": 1523
    },
    {
        "fields": {
            "color": "#33a02c",
            "meta": null,
            "name": "#irr_reg"
        },
        "model": "annotations.tag",
        "pk": 250
    },
    {
        "fields": {
            "es_id": "f246_qdb-d1e41002",
            "index": "",
            "scans": null,
            "tag": [],
            "version": null,
            "xml": "",
            "xml_error_message": "",
            "xml_modified_by": null
        },
        "model": "annotations.es_document",
        "pk": 1076
    },
    {
        "fields": {
            "es_id": "f246_qdb-d1e40904",
            "index": "",
            "scans": null,
            "tag": [],
            "version": null,
            "xml": "",
            "xml_error_message": "",
            "xml_modified_by": null
        },
        "model": "annotations.es_document",
        "pk": 1077
    },
    {
        "fields": {
            "es_id": "f246_qdb-d1e33716",
            "index": "",
            "scans": null,
            "tag": [],
            "version": null,
            "xml": "",
            "xml_error_message": "",
            "xml_modified_by": null
        },
        "model": "annotations.es_document",
        "pk": 1126
    },
    {
        "fields": {
            "es_id": "s769_qdb-d1e104753",
            "index": "",
            "scans": null,
            "tag": [],
            "version": null,
            "xml": "",
            "xml_error_message": "",
            "xml_modified_by": null
        },
        "model": "annotations.es_document",
        "pk": 6056
    },
    {
        "fields": {
            "es_id": "f261_qdb-d1e11853",
            "index": "",
            "scans": null,
            "tag": [],
            "version": null,
            "xml": "",
            "xml_error_message": "",
            "xml_modified_by": null
        },
        "model": "annotations.es_document",
        "pk": 6057
    },
    {
        "fields": {
            "es_id": "s705_qdb-d1e24074",
            "index": "",
            "scans": null,
            "tag": [],
            "version": null,
            "xml": "",
            "xml_error_message": "",
            "xml_modified_by": null
        },
        "model": "annotations.es_document",
        "pk": 6036
    },
    {
        "fields": {
            "es_id": "s680_qdb-d1e16899",
            "index": "",
            "scans": null,
            "tag": [],
            "version": null,
            "xml": "",
            "xml_error_message": "",
            "xml_modified_by": null
        },
        "model": "annotations.es_document",
        "pk": 6050
    },
    {
        "fields": {
            "es_id": "s680_qdb-d1e16885",
            "index": "",
            "scans": null,
            "tag": [],
            "version": null,
            "xml": "",
            "xml_error_message": "",
            "xml_modified_by": null
        },
        "model": "annotations.es_document",
        "pk": 6051
    },
    {
        "fields": {
            "es_id": "s680_qdb-d1e16856",
            "index": "",
            "scans": null,
            "tag": [],
            "version": null,
            "xml": "",
            "xml_error_message": "",
            "xml_modified_by": null
        },
        "model": "annotations.es_document",
        "pk": 6053
    },
    {
        "fields": {
            "es_id": "s680_qdb-d1e16836",
            "index": "",
            "scans": null,
            "tag": [],
            "version": null,
            "xml": "",
            "xml_error_message": "",
            "xml_modified_by": null
        },
        "model": "annotations.es_document",
        "pk": 6052
    },
    {
        "fields": {
            "es_id": "s680_qdb-d1e16821",
            "index": "",
            "scans": null,
            "tag": [],
            "version": null,
            "xml": "",
            "xml_error_message": "",
            "xml_modified_by": null
        },
        "model": "annotations.es_document",
        "pk": 6049
    },
    {
        "fields": {
            "es_id": "s680_qdb-d1e16791",
            "index": "",
            "scans": null,
            "tag": [],
            "version": null,
            "xml": "",
            "xml_error_message": "",
            "xml_modified_by": null
        },
        "model": "annotations.es_document",
        "pk": 1173
    },
    {
        "fields": {
            "es_id": "n629_qdb-d1e23267",
            "index": "",
            "scans": null,
            "tag": [],
            "version": null,
            "xml": "",
            "xml_error_message": "",
            "xml_modified_by": null
        },
        "model": "annotations.es_document",
        "pk": 6054
    },
    {
        "fields": {
            "es_id": "m578_qdb-d1e53003",
            "index": "",
            "scans": null,
            "tag": [],
            "version": null,
            "xml": "",
            "xml_error_message": "",
            "xml_modified_by": null
        },
        "model": "annotations.es_document",
        "pk": 1156
    },
    {
        "fields": {
            "es_id": "l551_qdb-d1e20112",
            "index": "",
            "scans": null,
            "tag": [],
            "version": null,
            "xml": "",
            "xml_error_message": "",
            "xml_modified_by": null
        },
        "model": "annotations.es_document",
        "pk": 6048
    },
    {
        "fields": {
            "es_id": "h393_qdbn-d15e41145",
            "index": "",
            "scans": null,
            "tag": [],
            "version": null,
            "xml": "",
            "xml_error_message": "",
            "xml_modified_by": null
        },
        "model": "annotations.es_document",
        "pk": 6046
    },
    {
        "fields": {
            "es_id": "f246_qdb-d1e49185",
            "index": "",
            "scans": null,
            "tag": [],
            "version": null,
            "xml": "",
            "xml_error_message": "",
            "xml_modified_by": null
        },
        "model": "annotations.es_document",
        "pk": 2687
    },
    {
        "fields": {
            "es_id": "f246_qdb-d1e44392",
            "index": "",
            "scans": null,
            "tag": [],
            "version": null,
            "xml": "",
            "xml_error_message": "",
            "xml_modified_by": null
        },
        "model": "annotations.es_document",
        "pk": 6047
    },
    {
        "fields": {
            "es_id": "f246_qdb-d1e42263",
            "index": "",
            "scans": null,
            "tag": [],
            "version": null,
            "xml": "",
            "xml_error_message": "",
            "xml_modified_by": null
        },
        "model": "annotations.es_document",
        "pk": 1067
    },
    {
        "fields": {
            "es_id": "f246_qdb-d1e42168",
            "index": "",
            "scans": null,
            "tag": [],
            "version": null,
            "xml": "",
            "xml_error_message": "",
            "xml_modified_by": null
        },
        "model": "annotations.es_document",
        "pk": 2515
    },
    {
        "fields": {
            "es_id": "f246_qdb-d1e40879",
            "index": "",
            "scans": null,
            "tag": [],
            "version": null,
            "xml": "",
            "xml_error_message": "",
            "xml_modified_by": null
        },
        "model": "annotations.es_document",
        "pk": 2465
    },
    {
        "fields": {
            "es_id": "f246_qdb-d1e40534",
            "index": "",
            "scans": null,
            "tag": [],
            "version": null,
            "xml": "",
            "xml_error_message": "",
            "xml_modified_by": null
        },
        "model": "annotations.es_document",
        "pk": 6055
    },
    {
        "fields": {
            "es_id": "f246_qdb-d1e40367",
            "index": "",
            "scans": null,
            "tag": [],
            "version": null,
            "xml": "",
            "xml_error_message": "",
            "xml_modified_by": null
        },
        "model": "annotations.es_document",
        "pk": 1084
    },
    {
        "fields": {
            "es_id": "f246_qdb-d1e39902",
            "index": "",
            "scans": null,
            "tag": [],
            "version": null,
            "xml": "",
            "xml_error_message": "",
            "xml_modified_by": null
        },
        "model": "annotations.es_document",
        "pk": 1206
    },
    {
        "fields": {
            "es_id": "f246_qdb-d1e39803",
            "index": "",
            "scans": null,
            "tag": [],
            "version": null,
            "xml": "",
            "xml_error_message": "",
            "xml_modified_by": null
        },
        "model": "annotations.es_document",
        "pk": 1090
    },
    {
        "fields": {
            "es_id": "f246_qdb-d1e39678",
            "index": "",
            "scans": null,
            "tag": [],
            "version": null,
            "xml": "",
            "xml_error_message": "",
            "xml_modified_by": null
        },
        "model": "annotations.es_document",
        "pk": 2304
    },
    {
        "fields": {
            "es_id": "f246_qdb-d1e39584",
            "index": "",
            "scans": null,
            "tag": [],
            "version": null,
            "xml": "",
            "xml_error_message": "",
            "xml_modified_by": null
        },
        "model": "annotations.es_document",
        "pk": 6041
    },
    {
        "fields": {
            "es_id": "f246_qdb-d1e39408",
            "index": "",
            "scans": null,
            "tag": [],
            "version": null,
            "xml": "",
            "xml_error_message": "",
            "xml_modified_by": null
        },
        "model": "annotations.es_document",
        "pk": 6043
    },
    {
        "fields": {
            "es_id": "f246_qdb-d1e39385",
            "index": "",
            "scans": null,
            "tag": [],
            "version": null,
            "xml": "",
            "xml_error_message": "",
            "xml_modified_by": null
        },
        "model": "annotations.es_document",
        "pk": 2346
    },
    {
        "fields": {
            "es_id": "f246_qdb-d1e39172",
            "index": "",
            "scans": null,
            "tag": [],
            "version": null,
            "xml": "",
            "xml_error_message": "",
            "xml_modified_by": null
        },
        "model": "annotations.es_document",
        "pk": 6040
    },
    {
        "fields": {
            "es_id": "f246_qdb-d1e39149",
            "index": "",
            "scans": null,
            "tag": [],
            "version": null,
            "xml": "",
            "xml_error_message": "",
            "xml_modified_by": null
        },
        "model": "annotations.es_document",
        "pk": 1093
    },
    {
        "fields": {
            "es_id": "f246_qdb-d1e38947",
            "index": "",
            "scans": null,
            "tag": [],
            "version": null,
            "xml": "",
            "xml_error_message": "",
            "xml_modified_by": null
        },
        "model": "annotations.es_document",
        "pk": 2677
    },
    {
        "fields": {
            "es_id": "f246_qdb-d1e38676",
            "index": "",
            "scans": null,
            "tag": [],
            "version": null,
            "xml": "",
            "xml_error_message": "",
            "xml_modified_by": null
        },
        "model": "annotations.es_document",
        "pk": 2452
    },
    {
        "fields": {
            "es_id": "f246_qdb-d1e38642",
            "index": "",
            "scans": null,
            "tag": [],
            "version": null,
            "xml": "",
            "xml_error_message": "",
            "xml_modified_by": null
        },
        "model": "annotations.es_document",
        "pk": 2453
    },
    {
        "fields": {
            "es_id": "f246_qdb-d1e38501",
            "index": "",
            "scans": null,
            "tag": [
                2248
            ],
            "version": null,
            "xml": "",
            "xml_error_message": "",
            "xml_modified_by": null
        },
        "model": "annotations.es_document",
        "pk": 2455
    },
    {
        "fields": {
            "es_id": "f246_qdb-d1e38169",
            "index": "",
            "scans": null,
            "tag": [],
            "version": null,
            "xml": "",
            "xml_error_message": "",
            "xml_modified_by": null
        },
        "model": "annotations.es_document",
        "pk": 2678
    },
    {
        "fields": {
            "es_id": "f246_qdb-d1e38144",
            "index": "",
            "scans": null,
            "tag": [],
            "version": null,
            "xml": "",
            "xml_error_message": "",
            "xml_modified_by": null
        },
        "model": "annotations.es_document",
        "pk": 1099
    },
    {
        "fields": {
            "es_id": "f246_qdb-d1e37924",
            "index": "",
            "scans": null,
            "tag": [],
            "version": null,
            "xml": "",
            "xml_error_message": "",
            "xml_modified_by": null
        },
        "model": "annotations.es_document",
        "pk": 2321
    },
    {
        "fields": {
            "es_id": "f246_qdb-d1e37657",
            "index": "",
            "scans": null,
            "tag": [],
            "version": null,
            "xml": "",
            "xml_error_message": "",
            "xml_modified_by": null
        },
        "model": "annotations.es_document",
        "pk": 1219
    },
    {
        "fields": {
            "es_id": "f246_qdb-d1e37630",
            "index": "",
            "scans": null,
            "tag": [],
            "version": null,
            "xml": "",
            "xml_error_message": "",
            "xml_modified_by": null
        },
        "model": "annotations.es_document",
        "pk": 2293
    },
    {
        "fields": {
            "es_id": "f246_qdb-d1e37432",
            "index": "",
            "scans": null,
            "tag": [],
            "version": null,
            "xml": "",
            "xml_error_message": "",
            "xml_modified_by": null
        },
        "model": "annotations.es_document",
        "pk": 1220
    },
    {
        "fields": {
            "es_id": "f246_qdb-d1e37392",
            "index": "",
            "scans": null,
            "tag": [],
            "version": null,
            "xml": "",
            "xml_error_message": "",
            "xml_modified_by": null
        },
        "model": "annotations.es_document",
        "pk": 6044
    },
    {
        "fields": {
            "es_id": "f246_qdb-d1e37365",
            "index": "",
            "scans": null,
            "tag": [],
            "version": null,
            "xml": "",
            "xml_error_message": "",
            "xml_modified_by": null
        },
        "model": "annotations.es_document",
        "pk": 6045
    },
    {
        "fields": {
            "es_id": "f246_qdb-d1e37328",
            "index": "",
            "scans": null,
            "tag": [],
            "version": null,
            "xml": "",
            "xml_error_message": "",
            "xml_modified_by": null
        },
        "model": "annotations.es_document",
        "pk": 1223
    },
    {
        "fields": {
            "es_id": "f246_qdb-d1e37153",
            "index": "",
            "scans": null,
            "tag": [],
            "version": null,
            "xml": "",
            "xml_error_message": "",
            "xml_modified_by": null
        },
        "model": "annotations.es_document",
        "pk": 1101
    },
    {
        "fields": {
            "es_id": "f246_qdb-d1e37081",
            "index": "",
            "scans": null,
            "tag": [],
            "version": null,
            "xml": "",
            "xml_error_message": "",
            "xml_modified_by": null
        },
        "model": "annotations.es_document",
        "pk": 2675
    },
    {
        "fields": {
            "es_id": "f246_qdb-d1e37018",
            "index": "",
            "scans": null,
            "tag": [],
            "version": null,
            "xml": "",
            "xml_error_message": "",
            "xml_modified_by": null
        },
        "model": "annotations.es_document",
        "pk": 6037
    },
    {
        "fields": {
            "es_id": "f246_qdb-d1e36755",
            "index": "",
            "scans": null,
            "tag": [],
            "version": null,
            "xml": "",
            "xml_error_message": "",
            "xml_modified_by": null
        },
        "model": "annotations.es_document",
        "pk": 6038
    },
    {
        "fields": {
            "es_id": "f246_qdb-d1e36331",
            "index": "",
            "scans": null,
            "tag": [],
            "version": null,
            "xml": "",
            "xml_error_message": "",
            "xml_modified_by": null
        },
        "model": "annotations.es_document",
        "pk": 2676
    },
    {
        "fields": {
            "es_id": "f246_qdb-d1e36300",
            "index": "",
            "scans": null,
            "tag": [],
            "version": null,
            "xml": "",
            "xml_error_message": "",
            "xml_modified_by": null
        },
        "model": "annotations.es_document",
        "pk": 2672
    },
    {
        "fields": {
            "es_id": "f246_qdb-d1e36264",
            "index": "",
            "scans": null,
            "tag": [],
            "version": null,
            "xml": "",
            "xml_error_message": "",
            "xml_modified_by": null
        },
        "model": "annotations.es_document",
        "pk": 1107
    },
    {
        "fields": {
            "es_id": "f246_qdb-d1e36186",
            "index": "",
            "scans": null,
            "tag": [],
            "version": null,
            "xml": "",
            "xml_error_message": "",
            "xml_modified_by": null
        },
        "model": "annotations.es_document",
        "pk": 1104
    },
    {
        "fields": {
            "es_id": "f246_qdb-d1e35828",
            "index": "",
            "scans": null,
            "tag": [],
            "version": null,
            "xml": "",
            "xml_error_message": "",
            "xml_modified_by": null
        },
        "model": "annotations.es_document",
        "pk": 2671
    },
    {
        "fields": {
            "es_id": "f246_qdb-d1e35261",
            "index": "",
            "scans": null,
            "tag": [],
            "version": null,
            "xml": "",
            "xml_error_message": "",
            "xml_modified_by": null
        },
        "model": "annotations.es_document",
        "pk": 2297
    },
    {
        "fields": {
            "es_id": "f246_qdb-d1e35081",
            "index": "",
            "scans": null,
            "tag": [],
            "version": null,
            "xml": "",
            "xml_error_message": "",
            "xml_modified_by": null
        },
        "model": "annotations.es_document",
        "pk": 6042
    },
    {
        "fields": {
            "es_id": "f246_qdb-d1e34570",
            "index": "",
            "scans": null,
            "tag": [],
            "version": null,
            "xml": "",
            "xml_error_message": "",
            "xml_modified_by": null
        },
        "model": "annotations.es_document",
        "pk": 2302
    },
    {
        "fields": {
            "es_id": "f246_qdb-d1e34469",
            "index": "",
            "scans": null,
            "tag": [],
            "version": null,
            "xml": "",
            "xml_error_message": "",
            "xml_modified_by": null
        },
        "model": "annotations.es_document",
        "pk": 2681
    },
    {
        "fields": {
            "es_id": "f246_qdb-d1e34171",
            "index": "",
            "scans": null,
            "tag": [],
            "version": null,
            "xml": "",
            "xml_error_message": "",
            "xml_modified_by": null
        },
        "model": "annotations.es_document",
        "pk": 1244
    },
    {
        "fields": {
            "es_id": "f246_qdb-d1e33908",
            "index": "",
            "scans": null,
            "tag": [],
            "version": null,
            "xml": "",
            "xml_error_message": "",
            "xml_modified_by": null
        },
        "model": "annotations.es_document",
        "pk": 1124
    },
    {
        "fields": {
            "es_id": "f246_qdb-d1e33858",
            "index": "",
            "scans": null,
            "tag": [],
            "version": null,
            "xml": "",
            "xml_error_message": "",
            "xml_modified_by": null
        },
        "model": "annotations.es_document",
        "pk": 1125
    },
    {
        "fields": {
            "es_id": "f246_qdb-d1e33438",
            "index": "",
            "scans": null,
            "tag": [],
            "version": null,
            "xml": "",
            "xml_error_message": "",
            "xml_modified_by": null
        },
        "model": "annotations.es_document",
        "pk": 6039
    },
    {
        "fields": {
            "es_id": "f246_qdb-d1e33412",
            "index": "",
            "scans": null,
            "tag": [],
            "version": null,
            "xml": "",
            "xml_error_message": "",
            "xml_modified_by": null
        },
        "model": "annotations.es_document",
        "pk": 1247
    },
    {
        "fields": {
            "es_id": "f246_qdb-d1e33270",
            "index": "",
            "scans": null,
            "tag": [],
            "version": null,
            "xml": "",
            "xml_error_message": "",
            "xml_modified_by": null
        },
        "model": "annotations.es_document",
        "pk": 2373
    },
    {
        "fields": {
            "es_id": "f246_qdb-d1e33092",
            "index": "",
            "scans": null,
            "tag": [],
            "version": null,
            "xml": "",
            "xml_error_message": "",
            "xml_modified_by": null
        },
        "model": "annotations.es_document",
        "pk": 1129
    },
    {
        "fields": {
            "es_id": "f246_qdb-d1e32483",
            "index": "",
            "scans": null,
            "tag": [],
            "version": null,
            "xml": "",
            "xml_error_message": "",
            "xml_modified_by": null
        },
        "model": "annotations.es_document",
        "pk": 1251
    },
    {
        "fields": {
            "es_id": "f246_qdb-d1e31851",
            "index": "",
            "scans": null,
            "tag": [],
            "version": null,
            "xml": "",
            "xml_error_message": "",
            "xml_modified_by": null
        },
        "model": "annotations.es_document",
        "pk": 1254
    },
    {
        "fields": {
            "es_id": "f246_qdb-d1e31296",
            "index": "",
            "scans": null,
            "tag": [],
            "version": null,
            "xml": "",
            "xml_error_message": "",
            "xml_modified_by": null
        },
        "model": "annotations.es_document",
        "pk": 1143
    },
    {
        "fields": {
            "es_id": "f246_qdb-d1e31244",
            "index": "",
            "scans": null,
            "tag": [],
            "version": null,
            "xml": "",
            "xml_error_message": "",
            "xml_modified_by": null
        },
        "model": "annotations.es_document",
        "pk": 2313
    },
    {
        "fields": {
            "es_id": "f246_qdb-d1e31119",
            "index": "",
            "scans": null,
            "tag": [],
            "version": null,
            "xml": "",
            "xml_error_message": "",
            "xml_modified_by": null
        },
        "model": "annotations.es_document",
        "pk": 2339
    },
    {
        "fields": {
            "es_id": "f246_qdb-d1e31087",
            "index": "",
            "scans": null,
            "tag": [],
            "version": null,
            "xml": "",
            "xml_error_message": "",
            "xml_modified_by": null
        },
        "model": "annotations.es_document",
        "pk": 6035
    },
    {
        "fields": {
            "es_id": "f246_qdb-d1e31055",
            "index": "",
            "scans": null,
            "tag": [],
            "version": null,
            "xml": "",
            "xml_error_message": "",
            "xml_modified_by": null
        },
        "model": "annotations.es_document",
        "pk": 2280
    },
    {
        "fields": {
            "es_id": "f246_qdb-d1e30931",
            "index": "",
            "scans": null,
            "tag": [],
            "version": null,
            "xml": "",
            "xml_error_message": "",
            "xml_modified_by": null
        },
        "model": "annotations.es_document",
        "pk": 2366
    },
    {
        "fields": {
            "es_id": "f246_qdb-d1e30906",
            "index": "",
            "scans": null,
            "tag": [],
            "version": null,
            "xml": "",
            "xml_error_message": "",
            "xml_modified_by": null
        },
        "model": "annotations.es_document",
        "pk": 1148
    },
    {
        "fields": {
            "es_id": "f246_qdb-d1e30829",
            "index": "",
            "scans": null,
            "tag": [],
            "version": null,
            "xml": "",
            "xml_error_message": "",
            "xml_modified_by": null
        },
        "model": "annotations.es_document",
        "pk": 2365
    },
    {
        "fields": {
            "es_id": "f246_qdb-d1e30722",
            "index": "",
            "scans": null,
            "tag": [],
            "version": null,
            "xml": "",
            "xml_error_message": "",
            "xml_modified_by": null
        },
        "model": "annotations.es_document",
        "pk": 2340
    },
    {
        "fields": {
            "es_id": "f246_qdb-d1e30674",
            "index": "",
            "scans": null,
            "tag": [],
            "version": null,
            "xml": "",
            "xml_error_message": "",
            "xml_modified_by": null
        },
        "model": "annotations.es_document",
        "pk": 1261
    },
    {
        "fields": {
            "es_id": "f246_qdb-d1e30551",
            "index": "",
            "scans": null,
            "tag": [],
            "version": null,
            "xml": "",
            "xml_error_message": "",
            "xml_modified_by": null
        },
        "model": "annotations.es_document",
        "pk": 2276
    },
    {
        "fields": {
            "es_id": "f229_qdb-d1e62669",
            "index": "",
            "scans": null,
            "tag": [
                147
            ],
            "version": null,
            "xml": "",
            "xml_error_message": "",
            "xml_modified_by": null
        },
        "model": "annotations.es_document",
        "pk": 1566
    },
    {
        "fields": {
            "es_id": "f229_qdb-d1e62487",
            "index": "",
            "scans": null,
            "tag": [
                147
            ],
            "version": null,
            "xml": "",
            "xml_error_message": "",
            "xml_modified_by": null
        },
        "model": "annotations.es_document",
        "pk": 1564
    },
    {
        "fields": {
            "es_id": "f229_qdb-d1e62464",
            "index": "",
            "scans": null,
            "tag": [],
            "version": null,
            "xml": "",
            "xml_error_message": "",
            "xml_modified_by": null
        },
        "model": "annotations.es_document",
        "pk": 1569
    },
    {
        "fields": {
            "date_joined": "2018-11-26T12:12:02Z",
            "email": "",
            "first_name": "Angela",
            "groups": [
                1
            ],
            "is_active": true,
            "is_staff": true,
            "is_superuser": false,
            "last_login": "2020-02-12T14:54:11.091Z",
            "last_name": "Bergermayer",
            "password": "",
            "user_permissions": [],
            "username": "abergermayer"
        },
        "model": "auth.user",
        "pk": 13
    },
    {
        "fields": {
            "es_id": "z879_qdb-d1e29167",
            "index": "",
            "scans": null,
            "tag": [],
            "version": null,
            "xml": "",
            "xml_error_message": "",
            "xml_modified_by": null
        },
        "model": "annotations.es_document",
        "pk": 1746
    },
    {
        "fields": {
            "es_id": "z879_qdb-d1e29140",
            "index": "",
            "scans": null,
            "tag": [],
            "version": null,
            "xml": "",
            "xml_error_message": "",
            "xml_modified_by": null
        },
        "model": "annotations.es_document",
        "pk": 1737
    },
    {
        "fields": {
            "es_id": "z873_qdb-d1e62519",
            "index": "",
            "scans": null,
            "tag": [],
            "version": null,
            "xml": "",
            "xml_error_message": "",
            "xml_modified_by": null
        },
        "model": "annotations.es_document",
        "pk": 1751
    },
    {
        "fields": {
            "es_id": "z873_qdb-d1e62478",
            "index": "",
            "scans": null,
            "tag": [],
            "version": null,
            "xml": "",
            "xml_error_message": "",
            "xml_modified_by": null
        },
        "model": "annotations.es_document",
        "pk": 1757
    },
    {
        "fields": {
            "es_id": "z873_qdb-d1e62434",
            "index": "",
            "scans": null,
            "tag": [],
            "version": null,
            "xml": "",
            "xml_error_message": "",
            "xml_modified_by": null
        },
        "model": "annotations.es_document",
        "pk": 1728
    },
    {
        "fields": {
            "es_id": "z873_qdb-d1e62399",
            "index": "",
            "scans": null,
            "tag": [],
            "version": null,
            "xml": "",
            "xml_error_message": "",
            "xml_modified_by": null
        },
        "model": "annotations.es_document",
        "pk": 1758
    },
    {
        "fields": {
            "es_id": "z872_qdbn-d15e44659",
            "index": "",
            "scans": null,
            "tag": [],
            "version": null,
            "xml": "",
            "xml_error_message": "",
            "xml_modified_by": null
        },
        "model": "annotations.es_document",
        "pk": 1816
    },
    {
        "fields": {
            "es_id": "w853_qdb-d1e27850",
            "index": "",
            "scans": null,
            "tag": [],
            "version": null,
            "xml": "",
            "xml_error_message": "",
            "xml_modified_by": null
        },
        "model": "annotations.es_document",
        "pk": 1783
    },
    {
        "fields": {
            "es_id": "s805_qdb-d1e84282",
            "index": "",
            "scans": null,
            "tag": [],
            "version": null,
            "xml": "",
            "xml_error_message": "",
            "xml_modified_by": null
        },
        "model": "annotations.es_document",
        "pk": 1819
    },
    {
        "fields": {
            "es_id": "s781_qdb-d1e30570",
            "index": "",
            "scans": null,
            "tag": [],
            "version": null,
            "xml": "",
            "xml_error_message": "",
            "xml_modified_by": null
        },
        "model": "annotations.es_document",
        "pk": 1754
    },
    {
        "fields": {
            "es_id": "s759_qdb-d1e78581",
            "index": "",
            "scans": null,
            "tag": [],
            "version": null,
            "xml": "",
            "xml_error_message": "",
            "xml_modified_by": null
        },
        "model": "annotations.es_document",
        "pk": 1741
    },
    {
        "fields": {
            "es_id": "s715_qdb-d1e23866",
            "index": "",
            "scans": null,
            "tag": [],
            "version": null,
            "xml": "",
            "xml_error_message": "",
            "xml_modified_by": null
        },
        "model": "annotations.es_document",
        "pk": 1738
    },
    {
        "fields": {
            "es_id": "s715_qdb-d1e19957",
            "index": "",
            "scans": null,
            "tag": [],
            "version": null,
            "xml": "",
            "xml_error_message": "",
            "xml_modified_by": null
        },
        "model": "annotations.es_document",
        "pk": 1823
    },
    {
        "fields": {
            "es_id": "r657_qdb-d1e103161",
            "index": "",
            "scans": null,
            "tag": [],
            "version": null,
            "xml": "",
            "xml_error_message": "",
            "xml_modified_by": null
        },
        "model": "annotations.es_document",
        "pk": 1814
    },
    {
        "fields": {
            "es_id": "m608_qdb-d1e91677",
            "index": "",
            "scans": null,
            "tag": [],
            "version": null,
            "xml": "",
            "xml_error_message": "",
            "xml_modified_by": null
        },
        "model": "annotations.es_document",
        "pk": 1811
    },
    {
        "fields": {
            "es_id": "m608_qdb-d1e91030",
            "index": "",
            "scans": null,
            "tag": [],
            "version": null,
            "xml": "",
            "xml_error_message": "",
            "xml_modified_by": null
        },
        "model": "annotations.es_document",
        "pk": 1812
    },
    {
        "fields": {
            "es_id": "m608_qdb-d1e89253",
            "index": "",
            "scans": null,
            "tag": [],
            "version": null,
            "xml": "",
            "xml_error_message": "",
            "xml_modified_by": null
        },
        "model": "annotations.es_document",
        "pk": 1748
    },
    {
        "fields": {
            "es_id": "m608_qdb-d1e87580",
            "index": "",
            "scans": null,
            "tag": [],
            "version": null,
            "xml": "",
            "xml_error_message": "",
            "xml_modified_by": null
        },
        "model": "annotations.es_document",
        "pk": 1753
    },
    {
        "fields": {
            "es_id": "m608_qdb-d1e87093",
            "index": "",
            "scans": null,
            "tag": [],
            "version": null,
            "xml": "",
            "xml_error_message": "",
            "xml_modified_by": null
        },
        "model": "annotations.es_document",
        "pk": 1727
    },
    {
        "fields": {
            "es_id": "m608_qdb-d1e82689",
            "index": "",
            "scans": null,
            "tag": [],
            "version": null,
            "xml": "",
            "xml_error_message": "",
            "xml_modified_by": null
        },
        "model": "annotations.es_document",
        "pk": 1803
    },
    {
        "fields": {
            "es_id": "m608_qdb-d1e82601",
            "index": "",
            "scans": null,
            "tag": [],
            "version": null,
            "xml": "",
            "xml_error_message": "",
            "xml_modified_by": null
        },
        "model": "annotations.es_document",
        "pk": 1755
    },
    {
        "fields": {
            "es_id": "m608_qdb-d1e1898",
            "index": "",
            "scans": null,
            "tag": [],
            "version": null,
            "xml": "",
            "xml_error_message": "",
            "xml_modified_by": null
        },
        "model": "annotations.es_document",
        "pk": 1752
    },
    {
        "fields": {
            "es_id": "m607_qdb-d1e81949",
            "index": "",
            "scans": null,
            "tag": [],
            "version": null,
            "xml": "",
            "xml_error_message": "",
            "xml_modified_by": null
        },
        "model": "annotations.es_document",
        "pk": 1739
    },
    {
        "fields": {
            "es_id": "m607_qdb-d1e54240",
            "index": "",
            "scans": null,
            "tag": [],
            "version": null,
            "xml": "",
            "xml_error_message": "",
            "xml_modified_by": null
        },
        "model": "annotations.es_document",
        "pk": 1729
    },
    {
        "fields": {
            "es_id": "m605_qdb-d1e23090",
            "index": "",
            "scans": null,
            "tag": [],
            "version": null,
            "xml": "",
            "xml_error_message": "",
            "xml_modified_by": null
        },
        "model": "annotations.es_document",
        "pk": 37
    },
    {
        "fields": {
            "es_id": "m602_qdb-d1e41541",
            "index": "",
            "scans": null,
            "tag": [],
            "version": null,
            "xml": "",
            "xml_error_message": "",
            "xml_modified_by": null
        },
        "model": "annotations.es_document",
        "pk": 1731
    },
    {
        "fields": {
            "es_id": "l549_qdb-d1e33698",
            "index": "",
            "scans": null,
            "tag": [],
            "version": null,
            "xml": "",
            "xml_error_message": "",
            "xml_modified_by": null
        },
        "model": "annotations.es_document",
        "pk": 1726
    },
    {
        "fields": {
            "es_id": "k517_qdb-d1e37060",
            "index": "",
            "scans": null,
            "tag": [
                250,
                255,
                249
            ],
            "version": null,
            "xml": "",
            "xml_error_message": "",
            "xml_modified_by": null
        },
        "model": "annotations.es_document",
        "pk": 1651
    },
    {
        "fields": {
            "es_id": "k517_qdb-d1e36924",
            "index": "",
            "scans": null,
            "tag": [
                147,
                246
            ],
            "version": null,
            "xml": "",
            "xml_error_message": "",
            "xml_modified_by": null
        },
        "model": "annotations.es_document",
        "pk": 1644
    },
    {
        "fields": {
            "es_id": "k517_qdb-d1e36889",
            "index": "",
            "scans": null,
            "tag": [
                147,
                246,
                249
            ],
            "version": null,
            "xml": "",
            "xml_error_message": "",
            "xml_modified_by": null
        },
        "model": "annotations.es_document",
        "pk": 1654
    },
    {
        "fields": {
            "es_id": "k489_qdbn-d15e53463",
            "index": "",
            "scans": null,
            "tag": [],
            "version": null,
            "xml": "",
            "xml_error_message": "",
            "xml_modified_by": null
        },
        "model": "annotations.es_document",
        "pk": 1647
    },
    {
        "fields": {
            "es_id": "h365_qdb-d1e43514",
            "index": "",
            "scans": null,
            "tag": [],
            "version": null,
            "xml": "",
            "xml_error_message": "",
            "xml_modified_by": null
        },
        "model": "annotations.es_document",
        "pk": 1759
    },
    {
        "fields": {
            "es_id": "h361_qdb-d1e64070",
            "index": "",
            "scans": null,
            "tag": [],
            "version": null,
            "xml": "",
            "xml_error_message": "",
            "xml_modified_by": null
        },
        "model": "annotations.es_document",
        "pk": 1818
    },
    {
        "fields": {
            "es_id": "g311_qdb-d1e46955",
            "index": "",
            "scans": null,
            "tag": [
                3907,
                147,
                246,
                248
            ],
            "version": null,
            "xml": "",
            "xml_error_message": "",
            "xml_modified_by": null
        },
        "model": "annotations.es_document",
        "pk": 1805
    },
    {
        "fields": {
            "es_id": "g311_qdb-d1e46930",
            "index": "",
            "scans": null,
            "tag": [
                3907,
                147,
                246,
                248
            ],
            "version": null,
            "xml": "",
            "xml_error_message": "",
            "xml_modified_by": null
        },
        "model": "annotations.es_document",
        "pk": 1815
    },
    {
        "fields": {
            "es_id": "g297_qdb-d1e50617",
            "index": "",
            "scans": null,
            "tag": [],
            "version": null,
            "xml": "",
            "xml_error_message": "",
            "xml_modified_by": null
        },
        "model": "annotations.es_document",
        "pk": 1642
    },
    {
        "fields": {
            "es_id": "g297_qdb-d1e50335",
            "index": "",
            "scans": null,
            "tag": [],
            "version": null,
            "xml": "",
            "xml_error_message": "",
            "xml_modified_by": null
        },
        "model": "annotations.es_document",
        "pk": 1645
    },
    {
        "fields": {
            "es_id": "f243_qdbn-d15e23674",
            "index": "",
            "scans": null,
            "tag": [],
            "version": null,
            "xml": "",
            "xml_error_message": "",
            "xml_modified_by": null
        },
        "model": "annotations.es_document",
        "pk": 1857
    },
    {
        "fields": {
            "es_id": "f243_qdb-d1e75481",
            "index": "",
            "scans": null,
            "tag": [
                147,
                246,
                249,
                2772
            ],
            "version": null,
            "xml": "",
            "xml_error_message": "",
            "xml_modified_by": null
        },
        "model": "annotations.es_document",
        "pk": 1763
    },
    {
        "fields": {
            "es_id": "f243_qdb-d1e75456",
            "index": "",
            "scans": null,
            "tag": [
                260,
                147,
                246,
                249,
                2769
            ],
            "version": null,
            "xml": "",
            "xml_error_message": "",
            "xml_modified_by": null
        },
        "model": "annotations.es_document",
        "pk": 1792
    },
    {
        "fields": {
            "es_id": "f243_qdb-d1e75368",
            "index": "",
            "scans": null,
            "tag": [
                147,
                246,
                248,
                2769
            ],
            "version": null,
            "xml": "",
            "xml_error_message": "",
            "xml_modified_by": null
        },
        "model": "annotations.es_document",
        "pk": 17
    },
    {
        "fields": {
            "es_id": "f243_qdb-d1e75341",
            "index": "",
            "scans": null,
            "tag": [
                293,
                147,
                246,
                249
            ],
            "version": null,
            "xml": "",
            "xml_error_message": "",
            "xml_modified_by": null
        },
        "model": "annotations.es_document",
        "pk": 1785
    },
    {
        "fields": {
            "es_id": "f243_qdb-d1e75314",
            "index": "",
            "scans": null,
            "tag": [
                147,
                246,
                249
            ],
            "version": null,
            "xml": "",
            "xml_error_message": "",
            "xml_modified_by": null
        },
        "model": "annotations.es_document",
        "pk": 1764
    },
    {
        "fields": {
            "es_id": "f243_qdb-d1e75268",
            "index": "",
            "scans": null,
            "tag": [
                147,
                246,
                249
            ],
            "version": null,
            "xml": "",
            "xml_error_message": "",
            "xml_modified_by": null
        },
        "model": "annotations.es_document",
        "pk": 1786
    },
    {
        "fields": {
            "es_id": "f243_qdb-d1e75193",
            "index": "",
            "scans": null,
            "tag": [
                250,
                246,
                249
            ],
            "version": null,
            "xml": "",
            "xml_error_message": "",
            "xml_modified_by": null
        },
        "model": "annotations.es_document",
        "pk": 1791
    },
    {
        "fields": {
            "es_id": "f243_qdb-d1e75141",
            "index": "",
            "scans": null,
            "tag": [
                250,
                246,
                249
            ],
            "version": null,
            "xml": "",
            "xml_error_message": "",
            "xml_modified_by": null
        },
        "model": "annotations.es_document",
        "pk": 1767
    },
    {
        "fields": {
            "es_id": "f243_qdb-d1e75065",
            "index": "",
            "scans": null,
            "tag": [
                250,
                246,
                249
            ],
            "version": null,
            "xml": "",
            "xml_error_message": "",
            "xml_modified_by": null
        },
        "model": "annotations.es_document",
        "pk": 1787
    },
    {
        "fields": {
            "es_id": "f243_qdb-d1e75015",
            "index": "",
            "scans": null,
            "tag": [
                147,
                246,
                249
            ],
            "version": null,
            "xml": "",
            "xml_error_message": "",
            "xml_modified_by": null
        },
        "model": "annotations.es_document",
        "pk": 1775
    },
    {
        "fields": {
            "es_id": "f243_qdb-d1e74990",
            "index": "",
            "scans": null,
            "tag": [
                250,
                246,
                249
            ],
            "version": null,
            "xml": "",
            "xml_error_message": "",
            "xml_modified_by": null
        },
        "model": "annotations.es_document",
        "pk": 1784
    },
    {
        "fields": {
            "es_id": "f243_qdb-d1e74936",
            "index": "",
            "scans": null,
            "tag": [
                260,
                2770,
                147,
                246,
                249
            ],
            "version": null,
            "xml": "",
            "xml_error_message": "",
            "xml_modified_by": null
        },
        "model": "annotations.es_document",
        "pk": 1795
    },
    {
        "fields": {
            "es_id": "f243_qdb-d1e74909",
            "index": "",
            "scans": null,
            "tag": [
                260,
                2770,
                147,
                246,
                249
            ],
            "version": null,
            "xml": "",
            "xml_error_message": "",
            "xml_modified_by": null
        },
        "model": "annotations.es_document",
        "pk": 1797
    },
    {
        "fields": {
            "es_id": "f243_qdb-d1e74886",
            "index": "",
            "scans": null,
            "tag": [
                250,
                246,
                249
            ],
            "version": null,
            "xml": "",
            "xml_error_message": "",
            "xml_modified_by": null
        },
        "model": "annotations.es_document",
        "pk": 1793
    },
    {
        "fields": {
            "es_id": "f243_qdb-d1e74859",
            "index": "",
            "scans": null,
            "tag": [
                147,
                246,
                249
            ],
            "version": null,
            "xml": "",
            "xml_error_message": "",
            "xml_modified_by": null
        },
        "model": "annotations.es_document",
        "pk": 1766
    },
    {
        "fields": {
            "es_id": "f243_qdb-d1e74836",
            "index": "",
            "scans": null,
            "tag": [
                147,
                246,
                249
            ],
            "version": null,
            "xml": "",
            "xml_error_message": "",
            "xml_modified_by": null
        },
        "model": "annotations.es_document",
        "pk": 1794
    },
    {
        "fields": {
            "es_id": "f243_qdb-d1e74762",
            "index": "",
            "scans": null,
            "tag": [
                250,
                246,
                249
            ],
            "version": null,
            "xml": "",
            "xml_error_message": "",
            "xml_modified_by": null
        },
        "model": "annotations.es_document",
        "pk": 1768
    },
    {
        "fields": {
            "es_id": "f243_qdb-d1e74739",
            "index": "",
            "scans": null,
            "tag": [
                250,
                246,
                249
            ],
            "version": null,
            "xml": "",
            "xml_error_message": "",
            "xml_modified_by": null
        },
        "model": "annotations.es_document",
        "pk": 1772
    },
    {
        "fields": {
            "es_id": "f243_qdb-d1e74716",
            "index": "",
            "scans": null,
            "tag": [
                2770,
                147,
                246,
                249
            ],
            "version": null,
            "xml": "",
            "xml_error_message": "",
            "xml_modified_by": null
        },
        "model": "annotations.es_document",
        "pk": 1776
    },
    {
        "fields": {
            "es_id": "f243_qdb-d1e74672",
            "index": "",
            "scans": null,
            "tag": [
                250,
                246,
                249
            ],
            "version": null,
            "xml": "",
            "xml_error_message": "",
            "xml_modified_by": null
        },
        "model": "annotations.es_document",
        "pk": 1796
    },
    {
        "fields": {
            "es_id": "f243_qdb-d1e74566",
            "index": "",
            "scans": null,
            "tag": [
                250,
                246,
                249
            ],
            "version": null,
            "xml": "",
            "xml_error_message": "",
            "xml_modified_by": null
        },
        "model": "annotations.es_document",
        "pk": 1789
    },
    {
        "fields": {
            "es_id": "f243_qdb-d1e74541",
            "index": "",
            "scans": null,
            "tag": [
                250,
                246,
                249
            ],
            "version": null,
            "xml": "",
            "xml_error_message": "",
            "xml_modified_by": null
        },
        "model": "annotations.es_document",
        "pk": 1777
    },
    {
        "fields": {
            "es_id": "f243_qdb-d1e74516",
            "index": "",
            "scans": null,
            "tag": [
                250,
                246,
                249
            ],
            "version": null,
            "xml": "",
            "xml_error_message": "",
            "xml_modified_by": null
        },
        "model": "annotations.es_document",
        "pk": 1778
    },
    {
        "fields": {
            "es_id": "f243_qdb-d1e74489",
            "index": "",
            "scans": null,
            "tag": [
                250,
                246,
                249
            ],
            "version": null,
            "xml": "",
            "xml_error_message": "",
            "xml_modified_by": null
        },
        "model": "annotations.es_document",
        "pk": 1771
    },
    {
        "fields": {
            "es_id": "f243_qdb-d1e74446",
            "index": "",
            "scans": null,
            "tag": [
                250,
                246,
                248
            ],
            "version": null,
            "xml": "",
            "xml_error_message": "",
            "xml_modified_by": null
        },
        "model": "annotations.es_document",
        "pk": 1862
    },
    {
        "fields": {
            "es_id": "f243_qdb-d1e74211",
            "index": "",
            "scans": null,
            "tag": [
                293,
                147,
                246,
                248
            ],
            "version": null,
            "xml": "",
            "xml_error_message": "",
            "xml_modified_by": null
        },
        "model": "annotations.es_document",
        "pk": 38
    },
    {
        "fields": {
            "es_id": "f243_qdb-d1e74150",
            "index": "",
            "scans": null,
            "tag": [
                328,
                147,
                246,
                248
            ],
            "version": null,
            "xml": "",
            "xml_error_message": "",
            "xml_modified_by": null
        },
        "model": "annotations.es_document",
        "pk": 6
    },
    {
        "fields": {
            "es_id": "f243_qdb-d1e74082",
            "index": "",
            "scans": null,
            "tag": [
                147,
                246,
                248,
                2769
            ],
            "version": null,
            "xml": "",
            "xml_error_message": "",
            "xml_modified_by": null
        },
        "model": "annotations.es_document",
        "pk": 1844
    },
    {
        "fields": {
            "es_id": "f243_qdb-d1e74053",
            "index": "",
            "scans": null,
            "tag": [
                147,
                246,
                248,
                2423,
                2772
            ],
            "version": null,
            "xml": "",
            "xml_error_message": "",
            "xml_modified_by": null
        },
        "model": "annotations.es_document",
        "pk": 1845
    },
    {
        "fields": {
            "es_id": "f243_qdb-d1e74009",
            "index": "",
            "scans": null,
            "tag": [
                2773,
                147,
                246,
                248,
                2772,
                2769
            ],
            "version": null,
            "xml": "",
            "xml_error_message": "",
            "xml_modified_by": null
        },
        "model": "annotations.es_document",
        "pk": 1860
    },
    {
        "fields": {
            "es_id": "f243_qdb-d1e73980",
            "index": "",
            "scans": null,
            "tag": [
                2770,
                147,
                246,
                248
            ],
            "version": null,
            "xml": "",
            "xml_error_message": "",
            "xml_modified_by": null
        },
        "model": "annotations.es_document",
        "pk": 1831
    },
    {
        "fields": {
            "es_id": "f243_qdb-d1e73951",
            "index": "",
            "scans": null,
            "tag": [
                2770,
                147,
                246,
                248
            ],
            "version": null,
            "xml": "",
            "xml_error_message": "",
            "xml_modified_by": null
        },
        "model": "annotations.es_document",
        "pk": 1861
    },
    {
        "fields": {
            "es_id": "f243_qdb-d1e73922",
            "index": "",
            "scans": null,
            "tag": [
                250,
                246,
                248
            ],
            "version": null,
            "xml": "",
            "xml_error_message": "",
            "xml_modified_by": null
        },
        "model": "annotations.es_document",
        "pk": 51
    },
    {
        "fields": {
            "es_id": "f243_qdb-d1e73898",
            "index": "",
            "scans": null,
            "tag": [
                260,
                2770,
                147,
                246,
                248
            ],
            "version": null,
            "xml": "",
            "xml_error_message": "",
            "xml_modified_by": null
        },
        "model": "annotations.es_document",
        "pk": 21
    },
    {
        "fields": {
            "es_id": "f243_qdb-d1e73807",
            "index": "",
            "scans": null,
            "tag": [
                2770,
                147,
                246,
                248
            ],
            "version": null,
            "xml": "",
            "xml_error_message": "",
            "xml_modified_by": null
        },
        "model": "annotations.es_document",
        "pk": 1832
    },
    {
        "fields": {
            "es_id": "f243_qdb-d1e73684",
            "index": "",
            "scans": null,
            "tag": [
                250,
                246,
                248
            ],
            "version": null,
            "xml": "",
            "xml_error_message": "",
            "xml_modified_by": null
        },
        "model": "annotations.es_document",
        "pk": 14
    },
    {
        "fields": {
            "es_id": "f243_qdb-d1e73628",
            "index": "",
            "scans": null,
            "tag": [
                250,
                246,
                248
            ],
            "version": null,
            "xml": "",
            "xml_error_message": "",
            "xml_modified_by": null
        },
        "model": "annotations.es_document",
        "pk": 42
    },
    {
        "fields": {
            "es_id": "f243_qdb-d1e73545",
            "index": "",
            "scans": null,
            "tag": [
                2770,
                147,
                246,
                248,
                2248
            ],
            "version": null,
            "xml": "",
            "xml_error_message": "",
            "xml_modified_by": null
        },
        "model": "annotations.es_document",
        "pk": 52
    },
    {
        "fields": {
            "es_id": "f243_qdb-d1e73369",
            "index": "",
            "scans": null,
            "tag": [
                2770,
                147,
                246,
                248
            ],
            "version": null,
            "xml": "",
            "xml_error_message": "",
            "xml_modified_by": null
        },
        "model": "annotations.es_document",
        "pk": 1833
    },
    {
        "fields": {
            "es_id": "f243_qdb-d1e73327",
            "index": "",
            "scans": null,
            "tag": [
                2770,
                147,
                246,
                248
            ],
            "version": null,
            "xml": "",
            "xml_error_message": "",
            "xml_modified_by": null
        },
        "model": "annotations.es_document",
        "pk": 1846
    },
    {
        "fields": {
            "es_id": "f243_qdb-d1e73277",
            "index": "",
            "scans": null,
            "tag": [
                250,
                246,
                248
            ],
            "version": null,
            "xml": "",
            "xml_error_message": "",
            "xml_modified_by": null
        },
        "model": "annotations.es_document",
        "pk": 1847
    },
    {
        "fields": {
            "es_id": "f243_qdb-d1e73248",
            "index": "",
            "scans": null,
            "tag": [
                250,
                246,
                248
            ],
            "version": null,
            "xml": "",
            "xml_error_message": "",
            "xml_modified_by": null
        },
        "model": "annotations.es_document",
        "pk": 7
    },
    {
        "fields": {
            "es_id": "f243_qdb-d1e73192",
            "index": "",
            "scans": null,
            "tag": [
                2770,
                147,
                246,
                248
            ],
            "version": null,
            "xml": "",
            "xml_error_message": "",
            "xml_modified_by": null
        },
        "model": "annotations.es_document",
        "pk": 1848
    },
    {
        "fields": {
            "es_id": "f243_qdb-d1e73163",
            "index": "",
            "scans": null,
            "tag": [
                2770,
                147,
                246,
                248
            ],
            "version": null,
            "xml": "",
            "xml_error_message": "",
            "xml_modified_by": null
        },
        "model": "annotations.es_document",
        "pk": 1865
    },
    {
        "fields": {
            "es_id": "f243_qdb-d1e73123",
            "index": "",
            "scans": null,
            "tag": [
                2770,
                147,
                246,
                248
            ],
            "version": null,
            "xml": "",
            "xml_error_message": "",
            "xml_modified_by": null
        },
        "model": "annotations.es_document",
        "pk": 1849
    },
    {
        "fields": {
            "es_id": "f243_qdb-d1e72998",
            "index": "",
            "scans": null,
            "tag": [
                2770,
                147,
                246,
                248,
                2769
            ],
            "version": null,
            "xml": "",
            "xml_error_message": "",
            "xml_modified_by": null
        },
        "model": "annotations.es_document",
        "pk": 1866
    },
    {
        "fields": {
            "es_id": "f243_qdb-d1e72969",
            "index": "",
            "scans": null,
            "tag": [
                2770,
                147,
                246,
                248
            ],
            "version": null,
            "xml": "",
            "xml_error_message": "",
            "xml_modified_by": null
        },
        "model": "annotations.es_document",
        "pk": 50
    },
    {
        "fields": {
            "es_id": "f243_qdb-d1e72887",
            "index": "",
            "scans": null,
            "tag": [
                250,
                246,
                248
            ],
            "version": null,
            "xml": "",
            "xml_error_message": "",
            "xml_modified_by": null
        },
        "model": "annotations.es_document",
        "pk": 1834
    },
    {
        "fields": {
            "es_id": "f243_qdb-d1e72757",
            "index": "",
            "scans": null,
            "tag": [
                147,
                246,
                248,
                2769
            ],
            "version": null,
            "xml": "",
            "xml_error_message": "",
            "xml_modified_by": null
        },
        "model": "annotations.es_document",
        "pk": 1838
    },
    {
        "fields": {
            "es_id": "f243_qdb-d1e72690",
            "index": "",
            "scans": null,
            "tag": [
                250,
                246,
                248
            ],
            "version": null,
            "xml": "",
            "xml_error_message": "",
            "xml_modified_by": null
        },
        "model": "annotations.es_document",
        "pk": 5
    },
    {
        "fields": {
            "es_id": "f243_qdb-d1e72659",
            "index": "",
            "scans": null,
            "tag": [
                250,
                246,
                248
            ],
            "version": null,
            "xml": "",
            "xml_error_message": "",
            "xml_modified_by": null
        },
        "model": "annotations.es_document",
        "pk": 8
    },
    {
        "fields": {
            "es_id": "f243_qdb-d1e72498",
            "index": "",
            "scans": null,
            "tag": [
                2770,
                147,
                246,
                248
            ],
            "version": null,
            "xml": "",
            "xml_error_message": "",
            "xml_modified_by": null
        },
        "model": "annotations.es_document",
        "pk": 1835
    },
    {
        "fields": {
            "es_id": "f243_qdb-d1e72422",
            "index": "",
            "scans": null,
            "tag": [
                250,
                246,
                248
            ],
            "version": null,
            "xml": "",
            "xml_error_message": "",
            "xml_modified_by": null
        },
        "model": "annotations.es_document",
        "pk": 29
    },
    {
        "fields": {
            "es_id": "f243_qdb-d1e72332",
            "index": "",
            "scans": null,
            "tag": [
                250,
                246,
                248
            ],
            "version": null,
            "xml": "",
            "xml_error_message": "",
            "xml_modified_by": null
        },
        "model": "annotations.es_document",
        "pk": 39
    },
    {
        "fields": {
            "es_id": "f243_qdb-d1e72301",
            "index": "",
            "scans": null,
            "tag": [
                2770,
                147,
                246,
                248
            ],
            "version": null,
            "xml": "",
            "xml_error_message": "",
            "xml_modified_by": null
        },
        "model": "annotations.es_document",
        "pk": 1836
    },
    {
        "fields": {
            "es_id": "f243_qdb-d1e72268",
            "index": "",
            "scans": null,
            "tag": [
                2770,
                147,
                246,
                248
            ],
            "version": null,
            "xml": "",
            "xml_error_message": "",
            "xml_modified_by": null
        },
        "model": "annotations.es_document",
        "pk": 1850
    },
    {
        "fields": {
            "es_id": "f243_qdb-d1e60997",
            "index": "",
            "scans": null,
            "tag": [
                2231,
                147,
                246,
                249
            ],
            "version": null,
            "xml": "",
            "xml_error_message": "",
            "xml_modified_by": null
        },
        "model": "annotations.es_document",
        "pk": 1806
    },
    {
        "fields": {
            "es_id": "f243_qdb-d1e51492",
            "index": "",
            "scans": null,
            "tag": [
                250,
                246,
                248
            ],
            "version": null,
            "xml": "",
            "xml_error_message": "",
            "xml_modified_by": null
        },
        "model": "annotations.es_document",
        "pk": 1825
    },
    {
        "fields": {
            "es_id": "f243_qdb-d1e48237",
            "index": "",
            "scans": null,
            "tag": [
                2177,
                147,
                246,
                248
            ],
            "version": null,
            "xml": "",
            "xml_error_message": "",
            "xml_modified_by": null
        },
        "model": "annotations.es_document",
        "pk": 15
    },
    {
        "fields": {
            "es_id": "f243_qdb-d1e39139",
            "index": "",
            "scans": null,
            "tag": [
                293,
                147,
                246,
                249
            ],
            "version": null,
            "xml": "",
            "xml_error_message": "",
            "xml_modified_by": null
        },
        "model": "annotations.es_document",
        "pk": 1779
    },
    {
        "fields": {
            "es_id": "f243_qdb-d1e31744",
            "index": "",
            "scans": null,
            "tag": [
                250,
                246,
                249
            ],
            "version": null,
            "xml": "",
            "xml_error_message": "",
            "xml_modified_by": null
        },
        "model": "annotations.es_document",
        "pk": 1780
    },
    {
        "fields": {
            "es_id": "f243_qdb-d1e30378",
            "index": "",
            "scans": null,
            "tag": [
                2770,
                147,
                246,
                249
            ],
            "version": null,
            "xml": "",
            "xml_error_message": "",
            "xml_modified_by": null
        },
        "model": "annotations.es_document",
        "pk": 1773
    },
    {
        "fields": {
            "es_id": "f243_qdb-d1e29965",
            "index": "",
            "scans": null,
            "tag": [
                293,
                147,
                246,
                248
            ],
            "version": null,
            "xml": "",
            "xml_error_message": "",
            "xml_modified_by": null
        },
        "model": "annotations.es_document",
        "pk": 1842
    },
    {
        "fields": {
            "es_id": "f243_qdb-d1e29583",
            "index": "",
            "scans": null,
            "tag": [
                250,
                246,
                248
            ],
            "version": null,
            "xml": "",
            "xml_error_message": "",
            "xml_modified_by": null
        },
        "model": "annotations.es_document",
        "pk": 33
    },
    {
        "fields": {
            "es_id": "f243_qdb-d1e29194",
            "index": "",
            "scans": null,
            "tag": [
                260,
                2770,
                147,
                246,
                248
            ],
            "version": null,
            "xml": "",
            "xml_error_message": "",
            "xml_modified_by": null
        },
        "model": "annotations.es_document",
        "pk": 1855
    },
    {
        "fields": {
            "es_id": "f243_qdb-d1e28611",
            "index": "",
            "scans": null,
            "tag": [
                2773,
                147,
                246,
                248,
                2772
            ],
            "version": null,
            "xml": "",
            "xml_error_message": "",
            "xml_modified_by": null
        },
        "model": "annotations.es_document",
        "pk": 1858
    },
    {
        "fields": {
            "es_id": "f243_qdb-d1e24404",
            "index": "",
            "scans": null,
            "tag": [
                147,
                246,
                248,
                2772
            ],
            "version": null,
            "xml": "",
            "xml_error_message": "",
            "xml_modified_by": null
        },
        "model": "annotations.es_document",
        "pk": 1841
    },
    {
        "fields": {
            "es_id": "f243_qdb-d1e14994",
            "index": "",
            "scans": null,
            "tag": [
                293,
                147,
                246,
                248
            ],
            "version": null,
            "xml": "",
            "xml_error_message": "",
            "xml_modified_by": null
        },
        "model": "annotations.es_document",
        "pk": 12
    },
    {
        "fields": {
            "es_id": "f230_qdb-d1e46780",
            "index": "",
            "scans": null,
            "tag": [],
            "version": null,
            "xml": "",
            "xml_error_message": "",
            "xml_modified_by": null
        },
        "model": "annotations.es_document",
        "pk": 1735
    },
    {
        "fields": {
            "es_id": "e216_qdb-d1e27959",
            "index": "",
            "scans": null,
            "tag": [
                147,
                246,
                248,
                2769
            ],
            "version": null,
            "xml": "",
            "xml_error_message": "",
            "xml_modified_by": null
        },
        "model": "annotations.es_document",
        "pk": 1839
    },
    {
        "fields": {
            "es_id": "e210_qdb-d1e26452",
            "index": "",
            "scans": null,
            "tag": [],
            "version": null,
            "xml": "",
            "xml_error_message": "",
            "xml_modified_by": null
        },
        "model": "annotations.es_document",
        "pk": 1736
    },
    {
        "fields": {
            "es_id": "d183_qdb-d1e43257",
            "index": "",
            "scans": null,
            "tag": [],
            "version": null,
            "xml": "",
            "xml_error_message": "",
            "xml_modified_by": null
        },
        "model": "annotations.es_document",
        "pk": 1808
    },
    {
        "fields": {
            "es_id": "d159_qdb-d1e2709",
            "index": "",
            "scans": null,
            "tag": [],
            "version": null,
            "xml": "",
            "xml_error_message": "",
            "xml_modified_by": null
        },
        "model": "annotations.es_document",
        "pk": 1809
    },
    {
        "fields": {
            "date_joined": "2018-11-29T18:13:26Z",
            "email": "",
            "first_name": "",
            "groups": [
                1
            ],
            "is_active": true,
            "is_staff": true,
            "is_superuser": false,
            "last_login": null,
            "last_name": "",
            "password": "",
            "user_permissions": [],
            "username": "ewa"
        },
        "model": "auth.user",
        "pk": 15
    },
    {
        "fields": {
            "date_joined": "2018-11-22T14:59:30Z",
            "email": "",
            "first_name": "Sabine",
            "groups": [
                1
            ],
            "is_active": true,
            "is_staff": true,
            "is_superuser": false,
            "last_login": "2020-02-19T17:26:38.208Z",
            "last_name": "Wahl",
            "password": "",
            "user_permissions": [],
            "username": "swahl"
        },
        "model": "auth.user",
        "pk": 11
    },
    {
        "fields": {
            "es_id": "m597_qdb-d1e21083",
            "index": "",
            "scans": null,
            "tag": [],
            "version": null,
            "xml": "",
            "xml_error_message": "",
            "xml_modified_by": null
        },
        "model": "annotations.es_document",
        "pk": 31
    },
    {
        "fields": {
            "es_id": "f243_qdb-d1e76192",
            "index": "",
            "scans": null,
            "tag": [],
            "version": null,
            "xml": "",
            "xml_error_message": "",
            "xml_modified_by": null
        },
        "model": "annotations.es_document",
        "pk": 28
    },
    {
        "fields": {
            "es_id": "f243_qdb-d1e74419",
            "index": "",
            "scans": null,
            "tag": [
                2770,
                147,
                246,
                248
            ],
            "version": null,
            "xml": "",
            "xml_error_message": "",
            "xml_modified_by": null
        },
        "model": "annotations.es_document",
        "pk": 20
    },
    {
        "fields": {
            "es_id": "f243_qdb-d1e74341",
            "index": "",
            "scans": null,
            "tag": [
                147,
                246,
                248,
                2774
            ],
            "version": null,
            "xml": "",
            "xml_error_message": "",
            "xml_modified_by": null
        },
        "model": "annotations.es_document",
        "pk": 116
    },
    {
        "fields": {
            "es_id": "f243_qdb-d1e74179",
            "index": "",
            "scans": null,
            "tag": [
                147,
                246,
                248,
                2769
            ],
            "version": null,
            "xml": "",
            "xml_error_message": "",
            "xml_modified_by": null
        },
        "model": "annotations.es_document",
        "pk": 180
    },
    {
        "fields": {
            "es_id": "f243_qdb-d1e73869",
            "index": "",
            "scans": null,
            "tag": [
                250,
                246,
                248
            ],
            "version": null,
            "xml": "",
            "xml_error_message": "",
            "xml_modified_by": null
        },
        "model": "annotations.es_document",
        "pk": 22
    },
    {
        "fields": {
            "es_id": "f243_qdb-d1e73836",
            "index": "",
            "scans": null,
            "tag": [
                250,
                246,
                248
            ],
            "version": null,
            "xml": "",
            "xml_error_message": "",
            "xml_modified_by": null
        },
        "model": "annotations.es_document",
        "pk": 23
    },
    {
        "fields": {
            "es_id": "f243_qdb-d1e73764",
            "index": "",
            "scans": null,
            "tag": [
                2770,
                147,
                246,
                248
            ],
            "version": null,
            "xml": "",
            "xml_error_message": "",
            "xml_modified_by": null
        },
        "model": "annotations.es_document",
        "pk": 43
    },
    {
        "fields": {
            "es_id": "f243_qdb-d1e73722",
            "index": "",
            "scans": null,
            "tag": [
                2770,
                147,
                246,
                248
            ],
            "version": null,
            "xml": "",
            "xml_error_message": "",
            "xml_modified_by": null
        },
        "model": "annotations.es_document",
        "pk": 48
    },
    {
        "fields": {
            "es_id": "f243_qdb-d1e73518",
            "index": "",
            "scans": null,
            "tag": [
                250,
                246,
                248
            ],
            "version": null,
            "xml": "",
            "xml_error_message": "",
            "xml_modified_by": null
        },
        "model": "annotations.es_document",
        "pk": 53
    },
    {
        "fields": {
            "es_id": "f243_qdb-d1e73491",
            "index": "",
            "scans": null,
            "tag": [
                250,
                246,
                248
            ],
            "version": null,
            "xml": "",
            "xml_error_message": "",
            "xml_modified_by": null
        },
        "model": "annotations.es_document",
        "pk": 54
    },
    {
        "fields": {
            "es_id": "f243_qdb-d1e73429",
            "index": "",
            "scans": null,
            "tag": [
                250,
                246,
                248
            ],
            "version": null,
            "xml": "",
            "xml_error_message": "",
            "xml_modified_by": null
        },
        "model": "annotations.es_document",
        "pk": 40
    },
    {
        "fields": {
            "es_id": "f243_qdb-d1e73219",
            "index": "",
            "scans": null,
            "tag": [
                2770,
                147,
                246,
                248
            ],
            "version": null,
            "xml": "",
            "xml_error_message": "",
            "xml_modified_by": null
        },
        "model": "annotations.es_document",
        "pk": 9
    },
    {
        "fields": {
            "es_id": "f243_qdb-d1e73036",
            "index": "",
            "scans": null,
            "tag": [
                328,
                147,
                246,
                248
            ],
            "version": null,
            "xml": "",
            "xml_error_message": "",
            "xml_modified_by": null
        },
        "model": "annotations.es_document",
        "pk": 36
    },
    {
        "fields": {
            "es_id": "f243_qdb-d1e72937",
            "index": "",
            "scans": null,
            "tag": [
                293,
                147,
                246,
                248
            ],
            "version": null,
            "xml": "",
            "xml_error_message": "",
            "xml_modified_by": null
        },
        "model": "annotations.es_document",
        "pk": 49
    },
    {
        "fields": {
            "es_id": "f243_qdb-d1e72808",
            "index": "",
            "scans": null,
            "tag": [
                2770,
                147,
                246,
                248
            ],
            "version": null,
            "xml": "",
            "xml_error_message": "",
            "xml_modified_by": null
        },
        "model": "annotations.es_document",
        "pk": 41
    },
    {
        "fields": {
            "es_id": "f243_qdb-d1e72783",
            "index": "",
            "scans": null,
            "tag": [
                250,
                246,
                248
            ],
            "version": null,
            "xml": "",
            "xml_error_message": "",
            "xml_modified_by": null
        },
        "model": "annotations.es_document",
        "pk": 30
    },
    {
        "fields": {
            "es_id": "f243_qdb-d1e72738",
            "index": "",
            "scans": null,
            "tag": [
                293,
                147,
                246,
                248
            ],
            "version": null,
            "xml": "",
            "xml_error_message": "",
            "xml_modified_by": null
        },
        "model": "annotations.es_document",
        "pk": 19
    },
    {
        "fields": {
            "es_id": "f243_qdb-d1e72605",
            "index": "",
            "scans": null,
            "tag": [
                293,
                147,
                246,
                248
            ],
            "version": null,
            "xml": "",
            "xml_error_message": "",
            "xml_modified_by": null
        },
        "model": "annotations.es_document",
        "pk": 10
    },
    {
        "fields": {
            "es_id": "f243_qdb-d1e72580",
            "index": "",
            "scans": null,
            "tag": [
                147,
                246,
                248,
                2769
            ],
            "version": null,
            "xml": "",
            "xml_error_message": "",
            "xml_modified_by": null
        },
        "model": "annotations.es_document",
        "pk": 25
    },
    {
        "fields": {
            "es_id": "f243_qdb-d1e72527",
            "index": "",
            "scans": null,
            "tag": [
                293,
                147,
                246,
                248
            ],
            "version": null,
            "xml": "",
            "xml_error_message": "",
            "xml_modified_by": null
        },
        "model": "annotations.es_document",
        "pk": 18
    },
    {
        "fields": {
            "es_id": "f243_qdb-d1e72393",
            "index": "",
            "scans": null,
            "tag": [
                250,
                246,
                248
            ],
            "version": null,
            "xml": "",
            "xml_error_message": "",
            "xml_modified_by": null
        },
        "model": "annotations.es_document",
        "pk": 11
    },
    {
        "fields": {
            "es_id": "f243_qdb-d1e72366",
            "index": "",
            "scans": null,
            "tag": [
                250,
                246,
                248
            ],
            "version": null,
            "xml": "",
            "xml_error_message": "",
            "xml_modified_by": null
        },
        "model": "annotations.es_document",
        "pk": 26
    },
    {
        "fields": {
            "es_id": "f243_qdb-d1e72243",
            "index": "",
            "scans": null,
            "tag": [
                147,
                246,
                248,
                2769
            ],
            "version": null,
            "xml": "",
            "xml_error_message": "",
            "xml_modified_by": null
        },
        "model": "annotations.es_document",
        "pk": 181
    },
    {
        "fields": {
            "es_id": "f243_qdb-d1e50821",
            "index": "",
            "scans": null,
            "tag": [
                250,
                246,
                248
            ],
            "version": null,
            "xml": "",
            "xml_error_message": "",
            "xml_modified_by": null
        },
        "model": "annotations.es_document",
        "pk": 32
    },
    {
        "fields": {
            "es_id": "f243_qdb-d1e50671",
            "index": "",
            "scans": null,
            "tag": [
                141
            ],
            "version": null,
            "xml": "",
            "xml_error_message": "",
            "xml_modified_by": null
        },
        "model": "annotations.es_document",
        "pk": 24
    },
    {
        "fields": {
            "es_id": "f243_qdb-d1e47643",
            "index": "",
            "scans": null,
            "tag": [],
            "version": null,
            "xml": "",
            "xml_error_message": "",
            "xml_modified_by": null
        },
        "model": "annotations.es_document",
        "pk": 27
    },
    {
        "fields": {
            "es_id": "f243_qdb-d1e29167",
            "index": "",
            "scans": null,
            "tag": [
                2770,
                147,
                246,
                248
            ],
            "version": null,
            "xml": "",
            "xml_error_message": "",
            "xml_modified_by": null
        },
        "model": "annotations.es_document",
        "pk": 44
    },
    {
        "fields": {
            "es_id": "f243_qdb-d1e18519",
            "index": "",
            "scans": null,
            "tag": [
                250,
                246,
                248
            ],
            "version": null,
            "xml": "",
            "xml_error_message": "",
            "xml_modified_by": null
        },
        "model": "annotations.es_document",
        "pk": 35
    },
    {
        "fields": {
            "es_id": "f243_qdb-d1e14810",
            "index": "",
            "scans": null,
            "tag": [
                1523,
                147,
                246,
                248
            ],
            "version": null,
            "xml": "",
            "xml_error_message": "",
            "xml_modified_by": null
        },
        "model": "annotations.es_document",
        "pk": 16
    },
    {
        "fields": {
            "es_id": "f230_qdb-d1e46845",
            "index": "",
            "scans": null,
            "tag": [
                250,
                246,
                248
            ],
            "version": null,
            "xml": "",
            "xml_error_message": "",
            "xml_modified_by": null
        },
        "model": "annotations.es_document",
        "pk": 34
    },
    {
        "fields": {
            "es_id": "e216_qdb-d1e27936",
            "index": "",
            "scans": null,
            "tag": [
                147,
                246,
                248,
                2769
            ],
            "version": null,
            "xml": "",
            "xml_error_message": "",
            "xml_modified_by": null
        },
        "model": "annotations.es_document",
        "pk": 13
    },
    {
        "fields": {
            "category": null,
            "comment": "",
            "created": "2019-09-14T12:19:38.607Z",
            "created_by": null,
            "curator": [],
            "deleted": false,
            "description": "",
            "es_document": [
                46,
                44,
                39,
                45,
                41,
                47,
                40,
                42,
                43,
                38,
                37
            ],
            "lemma_id": null,
            "modified": "2019-09-14T12:19:38.607Z",
            "public": false,
            "title": "ayo"
        },
        "model": "annotations.collection",
        "pk": 1482
    },
    {
        "fields": {
            "category": null,
            "comment": "",
            "created": "2019-03-12T16:48:09.924Z",
            "created_by": null,
            "curator": [],
            "deleted": false,
            "description": "",
            "es_document": [
                1809,
                1808,
                1736,
                13,
                1839,
                1735,
                34,
                16,
                35,
                1841,
                1858,
                46,
                44,
                1855,
                33,
                1842,
                1773,
                1780,
                1779,
                27,
                24,
                32,
                1825,
                1806,
                181,
                1850,
                1836,
                39,
                26,
                11,
                29,
                1835,
                18,
                25,
                10,
                19,
                1838,
                30,
                41,
                1834,
                49,
                50,
                1866,
                36,
                47,
                1849,
                1865,
                1848,
                9,
                1847,
                1846,
                1833,
                40,
                54,
                53,
                52,
                42,
                14,
                48,
                43,
                1832,
                23,
                22,
                21,
                51,
                1861,
                1831,
                1860,
                1845,
                1844,
                180,
                38,
                116,
                20,
                1862,
                1771,
                1778,
                1777,
                1789,
                1796,
                1776,
                1772,
                1768,
                1794,
                1766,
                1793,
                1797,
                1795,
                1784,
                1775,
                1787,
                1767,
                1791,
                1786,
                1764,
                1785,
                1792,
                1763,
                28,
                1857,
                1126,
                1077,
                1076,
                1645,
                1642,
                1815,
                1805,
                1818,
                1759,
                1647,
                1654,
                1644,
                1651,
                1726,
                31,
                1731,
                37,
                1729,
                1739,
                1752,
                1755,
                1803,
                1727,
                1753,
                1748,
                1812,
                1811,
                1814,
                1823,
                1738,
                1741,
                1754,
                1819,
                1783,
                1816,
                1758,
                1728,
                1757,
                1751,
                1737,
                1746
            ],
            "lemma_id": null,
            "modified": "2019-11-02T16:22:08.598Z",
            "public": false,
            "title": "faimtesttest"
        },
        "model": "annotations.collection",
        "pk": 1205
    },
    {
        "fields": {
            "category": null,
            "comment": "",
            "created": "2019-03-12T16:47:39.225Z",
            "created_by": null,
            "curator": [],
            "deleted": true,
            "description": "",
            "es_document": [
                1809,
                1808,
                1736,
                13,
                1839,
                1735,
                34,
                16,
                35,
                1841,
                1858,
                46,
                44,
                1855,
                33,
                1842,
                1773,
                1780,
                1779,
                27,
                24,
                32,
                1825,
                1806,
                181,
                1850,
                1836,
                39,
                26,
                11,
                29,
                1835,
                18,
                25,
                10,
                19,
                1838,
                30,
                41,
                1834,
                49,
                50,
                1866,
                36,
                47,
                1849,
                1865,
                1848,
                9,
                1847,
                1846,
                1833,
                40,
                54,
                53,
                52,
                14,
                48,
                43,
                1832,
                23,
                22,
                1861,
                1831,
                1860,
                1845,
                1844,
                180,
                38,
                116,
                20,
                1862,
                1771,
                1778,
                1777,
                1789,
                1796,
                1776,
                1772,
                1768,
                1794,
                1766,
                1793,
                1797,
                1795,
                1784,
                1775,
                1787,
                1767,
                1791,
                1786,
                1764,
                1785,
                1792,
                1763,
                28,
                1857,
                6057,
                1645,
                1642,
                1815,
                1805,
                1818,
                1759,
                1647,
                1654,
                1644,
                1651,
                1726,
                31,
                1731,
                37,
                1729,
                1739,
                1752,
                1755,
                1803,
                1727,
                1753,
                1748,
                1812,
                1811,
                1814,
                1823,
                1738,
                1741,
                6056,
                1754,
                1819,
                1783,
                1816,
                1758,
                1728,
                1757,
                1751,
                1737,
                1746
            ],
            "lemma_id": null,
            "modified": "2020-01-10T14:32:29.356Z",
            "public": false,
            "title": "newnametest"
        },
        "model": "annotations.collection",
        "pk": 1204
    },
    {
        "fields": {
            "category": null,
            "comment": "",
            "created": "2019-03-12T16:45:58.976Z",
            "created_by": null,
            "curator": [],
            "deleted": true,
            "description": "",
            "es_document": [
                1809,
                1808,
                1736,
                13,
                1839,
                1735,
                34,
                16,
                35,
                1841,
                1858,
                46,
                44,
                1855,
                33,
                1842,
                1773,
                1780,
                1779,
                27,
                24,
                32,
                1825,
                1806,
                181,
                1850,
                1836,
                39,
                26,
                11,
                29,
                1835,
                18,
                25,
                10,
                19,
                1838,
                30,
                41,
                1834,
                49,
                50,
                1866,
                36,
                47,
                1849,
                1865,
                1848,
                9,
                1847,
                1846,
                1833,
                40,
                54,
                53,
                52,
                14,
                48,
                43,
                1832,
                23,
                22,
                1861,
                1831,
                1860,
                1845,
                1844,
                180,
                38,
                116,
                20,
                1862,
                1771,
                1778,
                1777,
                1789,
                1796,
                1776,
                1772,
                1768,
                1794,
                1766,
                1793,
                1797,
                1795,
                1784,
                1775,
                1787,
                1767,
                1791,
                1786,
                1764,
                1785,
                1792,
                1763,
                28,
                1857,
                6057,
                1645,
                1642,
                1815,
                1805,
                1818,
                1759,
                1647,
                1654,
                1644,
                1651,
                1726,
                31,
                1731,
                37,
                1729,
                1739,
                1752,
                1755,
                1803,
                1727,
                1753,
                1748,
                1812,
                1811,
                1814,
                1823,
                1738,
                1741,
                6056,
                1754,
                1819,
                1783,
                1816,
                1758,
                1728,
                1757,
                1751,
                1737,
                1746
            ],
            "lemma_id": null,
            "modified": "2020-01-10T14:32:25.670Z",
            "public": false,
            "title": "Fischtesttest"
        },
        "model": "annotations.collection",
        "pk": 1203
    },
    {
        "fields": {
            "category": null,
            "comment": "",
            "created": "2019-03-12T16:38:25.127Z",
            "created_by": null,
            "curator": [],
            "deleted": false,
            "description": "",
            "es_document": [
                1809,
                1808,
                1736,
                13,
                1839,
                1735,
                34,
                16,
                35,
                1841,
                1858,
                46,
                44,
                1855,
                33,
                1842,
                1773,
                1780,
                1779,
                27,
                24,
                32,
                1825,
                1806,
                181,
                1850,
                1836,
                39,
                26,
                11,
                29,
                1835,
                18,
                25,
                10,
                19,
                1838,
                30,
                41,
                1834,
                49,
                50,
                1866,
                36,
                47,
                1849,
                1865,
                1848,
                9,
                1847,
                1846,
                1833,
                40,
                54,
                53,
                52,
                14,
                48,
                43,
                1832,
                23,
                22,
                1861,
                1831,
                1860,
                1845,
                1844,
                180,
                38,
                116,
                20,
                1862,
                1771,
                1778,
                1777,
                1789,
                1796,
                1776,
                1772,
                1768,
                1794,
                1766,
                1793,
                1797,
                1795,
                1784,
                1775,
                1787,
                1767,
                1791,
                1786,
                1764,
                1785,
                1792,
                1763,
                28,
                1857,
                2276,
                1261,
                2340,
                2365,
                1148,
                2366,
                2280,
                6035,
                2339,
                2313,
                1143,
                1254,
                1251,
                1129,
                2373,
                1247,
                6039,
                1125,
                1124,
                1244,
                2681,
                2302,
                6042,
                2297,
                2671,
                1104,
                1107,
                2672,
                2676,
                6038,
                6037,
                2675,
                1101,
                1223,
                6045,
                6044,
                1220,
                2293,
                1219,
                2321,
                1099,
                2678,
                2455,
                2453,
                2452,
                2677,
                1093,
                6040,
                2346,
                6043,
                6041,
                2304,
                1090,
                1206,
                1084,
                6055,
                2465,
                2515,
                1067,
                6047,
                2687,
                1645,
                1642,
                1815,
                1805,
                1818,
                1759,
                6046,
                1647,
                1654,
                1644,
                1651,
                1726,
                6048,
                1156,
                31,
                1731,
                37,
                1729,
                1739,
                1752,
                1755,
                1803,
                1727,
                1753,
                1748,
                1812,
                1811,
                6054,
                1814,
                1173,
                6049,
                6052,
                6053,
                6051,
                6050,
                6036,
                1823,
                1738,
                1741,
                1754,
                1819,
                1783,
                1816,
                1758,
                1728,
                1757,
                1751,
                1737,
                1746
            ],
            "lemma_id": null,
            "modified": "2019-11-02T16:25:32.623Z",
            "public": false,
            "title": "testestest"
        },
        "model": "annotations.collection",
        "pk": 1202
    },
    {
        "fields": {
            "category": null,
            "comment": "",
            "created": "2019-03-12T14:46:35.979Z",
            "created_by": null,
            "curator": [],
            "deleted": true,
            "description": "",
            "es_document": [
                1809,
                1808,
                1736,
                13,
                1839,
                1735,
                34,
                16,
                35,
                1841,
                1858,
                46,
                44,
                1855,
                33,
                1842,
                1773,
                1780,
                1779,
                27,
                24,
                32,
                1825,
                1806,
                181,
                1850,
                1836,
                39,
                26,
                11,
                29,
                1835,
                18,
                25,
                10,
                19,
                1838,
                30,
                41,
                1834,
                49,
                50,
                1866,
                36,
                47,
                1849,
                1865,
                1848,
                9,
                1847,
                1846,
                1833,
                40,
                54,
                53,
                52,
                14,
                48,
                43,
                1832,
                23,
                22,
                1861,
                1831,
                1860,
                1845,
                1844,
                180,
                38,
                116,
                20,
                1862,
                1771,
                1778,
                1777,
                1789,
                1796,
                1776,
                1772,
                1768,
                1794,
                1766,
                1793,
                1797,
                1795,
                1784,
                1775,
                1787,
                1767,
                1791,
                1786,
                1764,
                1785,
                1792,
                1763,
                28,
                1857,
                2276,
                1261,
                2340,
                2365,
                1148,
                2366,
                2280,
                6035,
                2339,
                2313,
                1143,
                1254,
                1251,
                1129,
                2373,
                1247,
                6039,
                1125,
                1124,
                1244,
                2681,
                2302,
                6042,
                2297,
                2671,
                1104,
                1107,
                2672,
                2676,
                6038,
                6037,
                2675,
                1101,
                1223,
                6045,
                6044,
                1220,
                2293,
                1219,
                2321,
                1099,
                2678,
                2455,
                2453,
                2452,
                2677,
                1093,
                6040,
                2346,
                6043,
                6041,
                2304,
                1090,
                1206,
                1084,
                6055,
                2465,
                2515,
                1067,
                6047,
                2687,
                1645,
                1642,
                1815,
                1805,
                1818,
                1759,
                6046,
                1647,
                1654,
                1644,
                1651,
                1726,
                6048,
                1156,
                31,
                1731,
                37,
                1729,
                1739,
                1752,
                1755,
                1803,
                1727,
                1753,
                1748,
                1812,
                1811,
                6054,
                1814,
                1173,
                6049,
                6052,
                6053,
                6051,
                6050,
                6036,
                1823,
                1738,
                1741,
                1754,
                1819,
                1783,
                1816,
                1758,
                1728,
                1757,
                1751,
                1737,
                1746
            ],
            "lemma_id": null,
            "modified": "2020-01-10T14:32:20.590Z",
            "public": false,
            "title": "feim"
        },
        "model": "annotations.collection",
        "pk": 1201
    },
    {
        "fields": {
            "category": null,
            "comment": "",
            "created": "2019-03-12T14:38:29.989Z",
            "created_by": null,
            "curator": [],
            "deleted": true,
            "description": "[\n  {\n    \"Hauptlemma\": []\n  },\n  {\n    \"ID\": []\n  },\n  {\n    \"Nebenlemma\": []\n  },\n  {\n    \"Wortart\": []\n  },\n  {\n    \"Fragebogennummer\": []\n  },\n  {\n    \"Lautung\": []\n  },\n  {\n    \"Bedeutung\": []\n  },\n  {\n    \"Kontext\": []\n  },\n  {\n    \"Ort auf Zettel\": []\n  },\n  {\n    \"Version\": []\n  },\n  {\n    \"Actions\": []\n  }\n]",
            "es_document": [
                1809,
                1808,
                1736,
                13,
                1839,
                1569,
                1564,
                1566,
                1735,
                34,
                16,
                35,
                1841,
                1858,
                46,
                44,
                1855,
                33,
                1842,
                1773,
                1780,
                1779,
                27,
                24,
                32,
                1825,
                1806,
                181,
                1850,
                1836,
                39,
                26,
                11,
                29,
                1835,
                18,
                25,
                10,
                19,
                1838,
                30,
                41,
                1834,
                49,
                50,
                1866,
                36,
                47,
                1849,
                1865,
                1848,
                9,
                1847,
                1846,
                1833,
                40,
                54,
                53,
                52,
                14,
                48,
                43,
                1832,
                23,
                22,
                1861,
                1831,
                1860,
                1845,
                1844,
                180,
                38,
                116,
                20,
                1862,
                1771,
                1778,
                1777,
                1789,
                1796,
                1776,
                1772,
                1768,
                1794,
                1766,
                1793,
                1797,
                1795,
                1784,
                1775,
                1787,
                1767,
                1791,
                1786,
                1764,
                1785,
                1792,
                1763,
                28,
                1857,
                1645,
                1642,
                1815,
                1805,
                1818,
                1759,
                1647,
                1654,
                1644,
                1651,
                1726,
                31,
                1731,
                37,
                1729,
                1739,
                1752,
                1755,
                1803,
                1727,
                1753,
                1748,
                1812,
                1811,
                1814,
                1823,
                1738,
                1741,
                1754,
                1819,
                1783,
                1816,
                1758,
                1728,
                1757,
                1751,
                1737,
                1746
            ],
            "lemma_id": null,
            "modified": "2020-01-10T14:31:26.143Z",
            "public": false,
            "title": "testtest"
        },
        "model": "annotations.collection",
        "pk": 1200
    },
    {
        "fields": {
            "category": null,
            "comment": "",
            "created": "2018-12-07T15:06:02.203Z",
            "created_by": null,
            "curator": [],
            "deleted": true,
            "description": "",
            "es_document": [
                1809,
                1808,
                1736,
                13,
                1839,
                1735,
                34,
                16,
                35,
                1841,
                1858,
                46,
                44,
                1855,
                33,
                1842,
                1773,
                1780,
                1779,
                27,
                24,
                32,
                1825,
                1806,
                181,
                1850,
                1836,
                39,
                26,
                11,
                29,
                1835,
                18,
                25,
                10,
                19,
                1838,
                30,
                41,
                1834,
                49,
                50,
                1866,
                36,
                47,
                1849,
                1865,
                1848,
                9,
                1847,
                1846,
                1833,
                40,
                54,
                53,
                52,
                14,
                48,
                43,
                1832,
                23,
                22,
                1861,
                1831,
                1860,
                1845,
                1844,
                180,
                38,
                116,
                20,
                1862,
                1771,
                1778,
                1777,
                1789,
                1796,
                1776,
                1772,
                1768,
                1794,
                1766,
                1793,
                1797,
                1795,
                1784,
                1775,
                1787,
                1767,
                1791,
                1786,
                1764,
                1785,
                1792,
                1763,
                28,
                1857,
                1645,
                1642,
                1815,
                1805,
                1818,
                1759,
                1647,
                1654,
                1644,
                1651,
                1726,
                31,
                1731,
                37,
                1729,
                1739,
                1752,
                1755,
                1803,
                1727,
                1753,
                1748,
                1812,
                1811,
                1814,
                1823,
                1738,
                1741,
                1754,
                1819,
                1783,
                1816,
                1758,
                1728,
                1757,
                1751,
                1737,
                1746
            ],
            "lemma_id": null,
            "modified": "2020-01-10T14:15:59.922Z",
            "public": false,
            "title": "faulig"
        },
        "model": "annotations.collection",
        "pk": 256
    },
    {
        "fields": {
            "category": null,
            "comment": "",
            "created": "2018-12-05T14:45:24.460Z",
            "created_by": null,
            "curator": [],
            "deleted": true,
            "description": "",
            "es_document": [
                1809,
                1808,
                1736,
                13,
                1839,
                1735,
                34,
                16,
                35,
                1841,
                1858,
                46,
                44,
                1855,
                33,
                1842,
                1773,
                1780,
                1779,
                27,
                24,
                32,
                1825,
                1806,
                181,
                1850,
                1836,
                39,
                26,
                11,
                29,
                1835,
                18,
                25,
                10,
                19,
                1838,
                30,
                41,
                1834,
                49,
                50,
                1866,
                36,
                47,
                1849,
                1865,
                1848,
                9,
                1847,
                1846,
                1833,
                40,
                54,
                53,
                52,
                14,
                48,
                43,
                1832,
                23,
                22,
                1861,
                1831,
                1860,
                1845,
                1844,
                180,
                38,
                116,
                20,
                1862,
                1771,
                1778,
                1777,
                1789,
                1796,
                1776,
                1772,
                1768,
                1794,
                1766,
                1793,
                1797,
                1795,
                1784,
                1775,
                1787,
                1767,
                1791,
                1786,
                1764,
                1785,
                1792,
                1763,
                28,
                1857,
                1645,
                1642,
                1815,
                1805,
                1818,
                1759,
                1647,
                1654,
                1644,
                1651,
                1726,
                31,
                1731,
                37,
                1729,
                1739,
                1752,
                1755,
                1803,
                1727,
                1753,
                1748,
                1812,
                1811,
                1814,
                1823,
                1738,
                1741,
                1754,
                1819,
                1783,
                1816,
                1758,
                1728,
                1757,
                1751,
                1737,
                1746
            ],
            "lemma_id": null,
            "modified": "2020-01-10T14:21:29.672Z",
            "public": false,
            "title": "test"
        },
        "model": "annotations.collection",
        "pk": 140
    },
    {
        "fields": {
            "category": null,
            "comment": "",
            "created": "2018-11-30T14:03:08.716Z",
            "created_by": null,
            "curator": [
                13,
                1
            ],
            "deleted": true,
            "description": "",
            "es_document": [
                1809,
                1808,
                1736,
                13,
                1839,
                1735,
                34,
                16,
                12,
                35,
                1841,
                1858,
                46,
                44,
                1855,
                33,
                1842,
                1773,
                1780,
                1779,
                27,
                15,
                24,
                32,
                1825,
                1806,
                181,
                1850,
                1836,
                39,
                26,
                11,
                29,
                1835,
                18,
                25,
                10,
                45,
                8,
                5,
                19,
                1838,
                30,
                41,
                1834,
                49,
                50,
                1866,
                36,
                47,
                1849,
                1865,
                1848,
                9,
                7,
                1847,
                1846,
                1833,
                40,
                54,
                53,
                52,
                42,
                14,
                48,
                43,
                1832,
                23,
                22,
                21,
                51,
                1861,
                1831,
                1860,
                1845,
                1844,
                6,
                180,
                38,
                116,
                20,
                1862,
                1771,
                1778,
                1777,
                1789,
                1796,
                1776,
                1772,
                1768,
                1794,
                1766,
                1793,
                1797,
                1795,
                1784,
                1775,
                1787,
                1767,
                1791,
                1786,
                1764,
                1785,
                17,
                1792,
                1763,
                28,
                1857,
                1645,
                1642,
                1815,
                1805,
                1818,
                1759,
                1647,
                1654,
                1644,
                1651,
                1726,
                31,
                1731,
                37,
                1729,
                1739,
                1752,
                1755,
                1803,
                1727,
                1753,
                1748,
                1812,
                1811,
                1814,
                1823,
                1738,
                1741,
                1754,
                1819,
                1783,
                1816,
                1758,
                1728,
                1757,
                1751,
                1737,
                1746
            ],
            "lemma_id": null,
            "modified": "2020-01-10T14:06:56.758Z",
            "public": false,
            "title": "faulig2"
        },
        "model": "annotations.collection",
        "pk": 85
    },
    {
        "fields": {
            "category": null,
            "comment": "",
            "created": "2018-11-28T14:59:05.849Z",
            "created_by": null,
            "curator": [
                11,
                15
            ],
            "deleted": true,
            "description": "Omars Test Collection",
            "es_document": [
                13,
                34,
                16,
                35,
                46,
                44,
                27,
                24,
                32,
                181,
                26,
                11,
                18,
                25,
                10,
                19,
                30,
                41,
                49,
                36,
                47,
                9,
                40,
                54,
                53,
                48,
                43,
                23,
                22,
                180,
                116,
                20,
                28,
                31
            ],
            "lemma_id": null,
            "modified": "2020-01-10T13:49:51.759Z",
            "public": false,
            "title": "OmarsTestCollection2"
        },
        "model": "annotations.collection",
        "pk": 78
    },
    {
        "fields": {
            "archivzeile": "HK 243, f243#1022.1 = faul0516.sch#34.1",
            "bibl": null,
            "collection": [
                36,
                78,
                85,
                140,
                256,
                1200,
                1201,
                1202,
                1203,
                1204,
                1205,
                1482
            ],
            "etym": "[]",
            "fragebogen_nummer": "22D3: Knochen (w\u00f6rtl./\u00fcbertr.) m. Adj. (fest, elend,*)",
            "hauptlemma": "faulig",
            "import_issue": false,
            "nebenlemma": null,
            "note_diverse": "[]",
            "note_notabene": "[]",
            "orig_xml": "<ns0:entry xmlns:ns0='http://www.tei-c.org/ns/1.0' xml:id='f243_qdb-d1e29146' n='230853' source='#orig-f243_qdb-d1e29146'><ns0:form type='hauptlemma' xml:id='tu-36178.23'><ns0:orth>faulig</ns0:orth></ns0:form><ns0:gramGrp><ns0:pos>Adj</ns0:pos></ns0:gramGrp><ns0:form type='lautung' n='1' xml:id='tu-36178.27'><ns0:pron xml:lang='bar' notation='teuthonista'>faulig</ns0:pron></ns0:form><ns0:sense corresp='this:LT1' xml:id='tu-36178.28'><ns0:def xml:lang='de'>faulig</ns0:def></ns0:sense><ns0:ref type='archiv' xml:id='tu-36178.22'>HK 243, f243#1022.1 = faul0516.sch#34.1</ns0:ref><ns0:ref type='quelle' xml:id='tu-36178.24'>Weisskirchen, Pichlhfer <ns0:certainty assertedValue='unknown' locus='value'/></ns0:ref><ns0:ref type='fragebogenNummer' xml:id='tu-36178.26'>22D3: Knochen (wrtl./bertr.) m. Adj. (fest, elend,*)</ns0:ref></ns0:entry>",
            "pos": "Adj",
            "quelle": "Weisskirchen, Pichlh\u00f6fer",
            "quelle_bearbeitet": null,
            "quelle_page": null,
            "ref_type_dbo": null,
            "ref_type_sni": null,
            "tag": [
                260,
                2770,
                147,
                246,
                248
            ],
            "xeno_data": "\n*A* HK 243, f243#1022.1 = faul0516.sch#34.1\n*HL* faulig:2\n*QU* Weisskirchen, Pichlh^ofer @@@\n===\n*NR* 22D3: Knochen (w^ortl./^ubertr.) m. Adj. (fest, elend,*)\n*LT1* faulig\n*BD/LT1* faulig\n********************\n",
            "xr_type_verweise_b": null,
            "xr_type_verweise_o": null,
            "zitierweise": "[]"
        },
        "model": "belege.beleg",
        "pk": "f243_qdb-d1e29146"
    }
]
