[
  {
    "model": "annotations.tag",
    "pk": 255,
    "fields": {
      "name": "#irr_zeit",
      "color": "#1f78b4",
      "meta": null
    }
  },
  {
    "model": "annotations.tag",
    "pk": 3907,
    "fields": {
      "name": "faulig, schlüpfrig",
      "color": "#59B6C1",
      "meta": null
    }
  },
  {
    "model": "annotations.tag",
    "pk": 2423,
    "fields": {
      "name": "SYN_AV_recht_irr",
      "color": "#9D1C66",
      "meta": null
    }
  },
  {
    "model": "annotations.tag",
    "pk": 2248,
    "fields": {
      "name": "SYN_AV_ganz_irr",
      "color": "#CA33B6",
      "meta": null
    }
  },
  {
    "model": "annotations.tag",
    "pk": 2231,
    "fields": {
      "name": "anfaulen_faulen_beginnen",
      "color": "#652B4F",
      "meta": null
    }
  },
  {
    "model": "annotations.tag",
    "pk": 2177,
    "fields": {
      "name": "faulen_Fäulnis",
      "color": "#536F7A",
      "meta": null
    }
  },
  {
    "model": "annotations.tag",
    "pk": 249,
    "fields": {
      "name": "#simp_nein",
      "color": "#6a3d9a",
      "meta": null
    }
  },
  {
    "model": "annotations.tag",
    "pk": 2773,
    "fields": {
      "name": "müde",
      "color": "#06CB87",
      "meta": null
    }
  },
  {
    "model": "annotations.tag",
    "pk": 2772,
    "fields": {
      "name": "träge",
      "color": "#F30A10",
      "meta": null
    }
  },
  {
    "model": "auth.group",
    "pk": 1,
    "fields": {
      "name": "general",
      "permissions": [
        33, 34, 35, 36, 37, 38, 39, 40, 29, 30, 31, 32, 25, 26, 27, 28
      ]
    }
  },
  {
    "model": "annotations.tag",
    "pk": 2774,
    "fields": {
      "name": "unfähig",
      "color": "#38FB70",
      "meta": null
    }
  },
  {
    "model": "annotations.tag",
    "pk": 328,
    "fields": {
      "name": "Redewendung",
      "color": "#C0B2DD",
      "meta": null
    }
  },
  {
    "model": "annotations.tag",
    "pk": 293,
    "fields": {
      "name": "#Bed_unklar",
      "color": "#b15928",
      "meta": null
    }
  },
  {
    "model": "annotations.tag",
    "pk": 141,
    "fields": {
      "name": "irr_geo",
      "color": "red",
      "meta": null
    }
  },
  {
    "model": "annotations.tag",
    "pk": 1523,
    "fields": {
      "name": "faul_modrig",
      "color": "#BECC1E",
      "meta": null
    }
  },
  {
    "model": "annotations.tag",
    "pk": 250,
    "fields": {
      "name": "#irr_reg",
      "color": "#33a02c",
      "meta": null
    }
  },
  {
    "model": "annotations.tag",
    "pk": 2769,
    "fields": {
      "name": "verdorben",
      "color": "#0A2D5D",
      "meta": null
    }
  },
  {
    "model": "annotations.es_document",
    "pk": 1076,
    "fields": {
      "es_id": "f246_qdb-d1e41002",
      "index": "",
      "version": null,
      "scans": null,
      "xml": "",
      "xml_modified_by": null,
      "xml_error_message": "",
      "tag": []
    }
  },
  {
    "model": "annotations.es_document",
    "pk": 1077,
    "fields": {
      "es_id": "f246_qdb-d1e40904",
      "index": "",
      "version": null,
      "scans": null,
      "xml": "",
      "xml_modified_by": null,
      "xml_error_message": "",
      "tag": []
    }
  },
  {
    "model": "annotations.es_document",
    "pk": 1126,
    "fields": {
      "es_id": "f246_qdb-d1e33716",
      "index": "",
      "version": null,
      "scans": null,
      "xml": "",
      "xml_modified_by": null,
      "xml_error_message": "",
      "tag": []
    }
  },
  {
    "model": "annotations.es_document",
    "pk": 6056,
    "fields": {
      "es_id": "s769_qdb-d1e104753",
      "index": "",
      "version": null,
      "scans": null,
      "xml": "",
      "xml_modified_by": null,
      "xml_error_message": "",
      "tag": []
    }
  },
  {
    "model": "annotations.es_document",
    "pk": 6057,
    "fields": {
      "es_id": "f261_qdb-d1e11853",
      "index": "",
      "version": null,
      "scans": null,
      "xml": "",
      "xml_modified_by": null,
      "xml_error_message": "",
      "tag": []
    }
  },
  {
    "model": "annotations.es_document",
    "pk": 6036,
    "fields": {
      "es_id": "s705_qdb-d1e24074",
      "index": "",
      "version": null,
      "scans": null,
      "xml": "",
      "xml_modified_by": null,
      "xml_error_message": "",
      "tag": []
    }
  },
  {
    "model": "annotations.es_document",
    "pk": 6050,
    "fields": {
      "es_id": "s680_qdb-d1e16899",
      "index": "",
      "version": null,
      "scans": null,
      "xml": "",
      "xml_modified_by": null,
      "xml_error_message": "",
      "tag": []
    }
  },
  {
    "model": "annotations.es_document",
    "pk": 6051,
    "fields": {
      "es_id": "s680_qdb-d1e16885",
      "index": "",
      "version": null,
      "scans": null,
      "xml": "",
      "xml_modified_by": null,
      "xml_error_message": "",
      "tag": []
    }
  },
  {
    "model": "annotations.es_document",
    "pk": 6053,
    "fields": {
      "es_id": "s680_qdb-d1e16856",
      "index": "",
      "version": null,
      "scans": null,
      "xml": "",
      "xml_modified_by": null,
      "xml_error_message": "",
      "tag": []
    }
  },
  {
    "model": "annotations.es_document",
    "pk": 6052,
    "fields": {
      "es_id": "s680_qdb-d1e16836",
      "index": "",
      "version": null,
      "scans": null,
      "xml": "",
      "xml_modified_by": null,
      "xml_error_message": "",
      "tag": []
    }
  },
  {
    "model": "annotations.es_document",
    "pk": 6049,
    "fields": {
      "es_id": "s680_qdb-d1e16821",
      "index": "",
      "version": null,
      "scans": null,
      "xml": "",
      "xml_modified_by": null,
      "xml_error_message": "",
      "tag": []
    }
  },
  {
    "model": "annotations.es_document",
    "pk": 1173,
    "fields": {
      "es_id": "s680_qdb-d1e16791",
      "index": "",
      "version": null,
      "scans": null,
      "xml": "",
      "xml_modified_by": null,
      "xml_error_message": "",
      "tag": []
    }
  },
  {
    "model": "annotations.es_document",
    "pk": 6054,
    "fields": {
      "es_id": "n629_qdb-d1e23267",
      "index": "",
      "version": null,
      "scans": null,
      "xml": "",
      "xml_modified_by": null,
      "xml_error_message": "",
      "tag": []
    }
  },
  {
    "model": "annotations.es_document",
    "pk": 1156,
    "fields": {
      "es_id": "m578_qdb-d1e53003",
      "index": "",
      "version": null,
      "scans": null,
      "xml": "",
      "xml_modified_by": null,
      "xml_error_message": "",
      "tag": []
    }
  },
  {
    "model": "annotations.es_document",
    "pk": 6048,
    "fields": {
      "es_id": "l551_qdb-d1e20112",
      "index": "",
      "version": null,
      "scans": null,
      "xml": "",
      "xml_modified_by": null,
      "xml_error_message": "",
      "tag": []
    }
  },
  {
    "model": "annotations.es_document",
    "pk": 6046,
    "fields": {
      "es_id": "h393_qdbn-d15e41145",
      "index": "",
      "version": null,
      "scans": null,
      "xml": "",
      "xml_modified_by": null,
      "xml_error_message": "",
      "tag": []
    }
  },
  {
    "model": "annotations.es_document",
    "pk": 2687,
    "fields": {
      "es_id": "f246_qdb-d1e49185",
      "index": "",
      "version": null,
      "scans": null,
      "xml": "",
      "xml_modified_by": null,
      "xml_error_message": "",
      "tag": []
    }
  },
  {
    "model": "annotations.es_document",
    "pk": 6047,
    "fields": {
      "es_id": "f246_qdb-d1e44392",
      "index": "",
      "version": null,
      "scans": null,
      "xml": "",
      "xml_modified_by": null,
      "xml_error_message": "",
      "tag": []
    }
  },
  {
    "model": "annotations.es_document",
    "pk": 1067,
    "fields": {
      "es_id": "f246_qdb-d1e42263",
      "index": "",
      "version": null,
      "scans": null,
      "xml": "",
      "xml_modified_by": null,
      "xml_error_message": "",
      "tag": []
    }
  },
  {
    "model": "annotations.es_document",
    "pk": 2515,
    "fields": {
      "es_id": "f246_qdb-d1e42168",
      "index": "",
      "version": null,
      "scans": null,
      "xml": "",
      "xml_modified_by": null,
      "xml_error_message": "",
      "tag": []
    }
  },
  {
    "model": "annotations.es_document",
    "pk": 2465,
    "fields": {
      "es_id": "f246_qdb-d1e40879",
      "index": "",
      "version": null,
      "scans": null,
      "xml": "",
      "xml_modified_by": null,
      "xml_error_message": "",
      "tag": []
    }
  },
  {
    "model": "annotations.es_document",
    "pk": 6055,
    "fields": {
      "es_id": "f246_qdb-d1e40534",
      "index": "",
      "version": null,
      "scans": null,
      "xml": "",
      "xml_modified_by": null,
      "xml_error_message": "",
      "tag": []
    }
  },
  {
    "model": "annotations.es_document",
    "pk": 1084,
    "fields": {
      "es_id": "f246_qdb-d1e40367",
      "index": "",
      "version": null,
      "scans": null,
      "xml": "",
      "xml_modified_by": null,
      "xml_error_message": "",
      "tag": []
    }
  },
  {
    "model": "annotations.es_document",
    "pk": 1206,
    "fields": {
      "es_id": "f246_qdb-d1e39902",
      "index": "",
      "version": null,
      "scans": null,
      "xml": "",
      "xml_modified_by": null,
      "xml_error_message": "",
      "tag": []
    }
  },
  {
    "model": "annotations.es_document",
    "pk": 1090,
    "fields": {
      "es_id": "f246_qdb-d1e39803",
      "index": "",
      "version": null,
      "scans": null,
      "xml": "",
      "xml_modified_by": null,
      "xml_error_message": "",
      "tag": []
    }
  },
  {
    "model": "annotations.es_document",
    "pk": 2304,
    "fields": {
      "es_id": "f246_qdb-d1e39678",
      "index": "",
      "version": null,
      "scans": null,
      "xml": "",
      "xml_modified_by": null,
      "xml_error_message": "",
      "tag": []
    }
  },
  {
    "model": "annotations.es_document",
    "pk": 6041,
    "fields": {
      "es_id": "f246_qdb-d1e39584",
      "index": "",
      "version": null,
      "scans": null,
      "xml": "",
      "xml_modified_by": null,
      "xml_error_message": "",
      "tag": []
    }
  },
  {
    "model": "annotations.es_document",
    "pk": 6043,
    "fields": {
      "es_id": "f246_qdb-d1e39408",
      "index": "",
      "version": null,
      "scans": null,
      "xml": "",
      "xml_modified_by": null,
      "xml_error_message": "",
      "tag": []
    }
  },
  {
    "model": "annotations.es_document",
    "pk": 2346,
    "fields": {
      "es_id": "f246_qdb-d1e39385",
      "index": "",
      "version": null,
      "scans": null,
      "xml": "",
      "xml_modified_by": null,
      "xml_error_message": "",
      "tag": []
    }
  },
  {
    "model": "annotations.es_document",
    "pk": 6040,
    "fields": {
      "es_id": "f246_qdb-d1e39172",
      "index": "",
      "version": null,
      "scans": null,
      "xml": "",
      "xml_modified_by": null,
      "xml_error_message": "",
      "tag": []
    }
  },
  {
    "model": "annotations.es_document",
    "pk": 1093,
    "fields": {
      "es_id": "f246_qdb-d1e39149",
      "index": "",
      "version": null,
      "scans": null,
      "xml": "",
      "xml_modified_by": null,
      "xml_error_message": "",
      "tag": []
    }
  },
  {
    "model": "annotations.es_document",
    "pk": 2677,
    "fields": {
      "es_id": "f246_qdb-d1e38947",
      "index": "",
      "version": null,
      "scans": null,
      "xml": "",
      "xml_modified_by": null,
      "xml_error_message": "",
      "tag": []
    }
  },
  {
    "model": "annotations.es_document",
    "pk": 2452,
    "fields": {
      "es_id": "f246_qdb-d1e38676",
      "index": "",
      "version": null,
      "scans": null,
      "xml": "",
      "xml_modified_by": null,
      "xml_error_message": "",
      "tag": []
    }
  },
  {
    "model": "annotations.es_document",
    "pk": 2453,
    "fields": {
      "es_id": "f246_qdb-d1e38642",
      "index": "",
      "version": null,
      "scans": null,
      "xml": "",
      "xml_modified_by": null,
      "xml_error_message": "",
      "tag": []
    }
  },
  {
    "model": "annotations.es_document",
    "pk": 2455,
    "fields": {
      "es_id": "f246_qdb-d1e38501",
      "index": "",
      "version": null,
      "scans": null,
      "xml": "",
      "xml_modified_by": null,
      "xml_error_message": "",
      "tag": [2248]
    }
  },
  {
    "model": "annotations.es_document",
    "pk": 2678,
    "fields": {
      "es_id": "f246_qdb-d1e38169",
      "index": "",
      "version": null,
      "scans": null,
      "xml": "",
      "xml_modified_by": null,
      "xml_error_message": "",
      "tag": []
    }
  },
  {
    "model": "annotations.es_document",
    "pk": 1099,
    "fields": {
      "es_id": "f246_qdb-d1e38144",
      "index": "",
      "version": null,
      "scans": null,
      "xml": "",
      "xml_modified_by": null,
      "xml_error_message": "",
      "tag": []
    }
  },
  {
    "model": "annotations.es_document",
    "pk": 2321,
    "fields": {
      "es_id": "f246_qdb-d1e37924",
      "index": "",
      "version": null,
      "scans": null,
      "xml": "",
      "xml_modified_by": null,
      "xml_error_message": "",
      "tag": []
    }
  },
  {
    "model": "annotations.es_document",
    "pk": 1219,
    "fields": {
      "es_id": "f246_qdb-d1e37657",
      "index": "",
      "version": null,
      "scans": null,
      "xml": "",
      "xml_modified_by": null,
      "xml_error_message": "",
      "tag": []
    }
  },
  {
    "model": "annotations.es_document",
    "pk": 2293,
    "fields": {
      "es_id": "f246_qdb-d1e37630",
      "index": "",
      "version": null,
      "scans": null,
      "xml": "",
      "xml_modified_by": null,
      "xml_error_message": "",
      "tag": []
    }
  },
  {
    "model": "annotations.es_document",
    "pk": 1220,
    "fields": {
      "es_id": "f246_qdb-d1e37432",
      "index": "",
      "version": null,
      "scans": null,
      "xml": "",
      "xml_modified_by": null,
      "xml_error_message": "",
      "tag": []
    }
  },
  {
    "model": "annotations.es_document",
    "pk": 6044,
    "fields": {
      "es_id": "f246_qdb-d1e37392",
      "index": "",
      "version": null,
      "scans": null,
      "xml": "",
      "xml_modified_by": null,
      "xml_error_message": "",
      "tag": []
    }
  },
  {
    "model": "annotations.es_document",
    "pk": 6045,
    "fields": {
      "es_id": "f246_qdb-d1e37365",
      "index": "",
      "version": null,
      "scans": null,
      "xml": "",
      "xml_modified_by": null,
      "xml_error_message": "",
      "tag": []
    }
  },
  {
    "model": "annotations.es_document",
    "pk": 1223,
    "fields": {
      "es_id": "f246_qdb-d1e37328",
      "index": "",
      "version": null,
      "scans": null,
      "xml": "",
      "xml_modified_by": null,
      "xml_error_message": "",
      "tag": []
    }
  },
  {
    "model": "annotations.es_document",
    "pk": 1101,
    "fields": {
      "es_id": "f246_qdb-d1e37153",
      "index": "",
      "version": null,
      "scans": null,
      "xml": "",
      "xml_modified_by": null,
      "xml_error_message": "",
      "tag": []
    }
  },
  {
    "model": "annotations.es_document",
    "pk": 2675,
    "fields": {
      "es_id": "f246_qdb-d1e37081",
      "index": "",
      "version": null,
      "scans": null,
      "xml": "",
      "xml_modified_by": null,
      "xml_error_message": "",
      "tag": []
    }
  },
  {
    "model": "annotations.es_document",
    "pk": 6037,
    "fields": {
      "es_id": "f246_qdb-d1e37018",
      "index": "",
      "version": null,
      "scans": null,
      "xml": "",
      "xml_modified_by": null,
      "xml_error_message": "",
      "tag": []
    }
  },
  {
    "model": "annotations.es_document",
    "pk": 6038,
    "fields": {
      "es_id": "f246_qdb-d1e36755",
      "index": "",
      "version": null,
      "scans": null,
      "xml": "",
      "xml_modified_by": null,
      "xml_error_message": "",
      "tag": []
    }
  },
  {
    "model": "annotations.es_document",
    "pk": 2676,
    "fields": {
      "es_id": "f246_qdb-d1e36331",
      "index": "",
      "version": null,
      "scans": null,
      "xml": "",
      "xml_modified_by": null,
      "xml_error_message": "",
      "tag": []
    }
  },
  {
    "model": "annotations.es_document",
    "pk": 2672,
    "fields": {
      "es_id": "f246_qdb-d1e36300",
      "index": "",
      "version": null,
      "scans": null,
      "xml": "",
      "xml_modified_by": null,
      "xml_error_message": "",
      "tag": []
    }
  },
  {
    "model": "annotations.es_document",
    "pk": 1107,
    "fields": {
      "es_id": "f246_qdb-d1e36264",
      "index": "",
      "version": null,
      "scans": null,
      "xml": "",
      "xml_modified_by": null,
      "xml_error_message": "",
      "tag": []
    }
  },
  {
    "model": "annotations.es_document",
    "pk": 1104,
    "fields": {
      "es_id": "f246_qdb-d1e36186",
      "index": "",
      "version": null,
      "scans": null,
      "xml": "",
      "xml_modified_by": null,
      "xml_error_message": "",
      "tag": []
    }
  },
  {
    "model": "annotations.es_document",
    "pk": 2671,
    "fields": {
      "es_id": "f246_qdb-d1e35828",
      "index": "",
      "version": null,
      "scans": null,
      "xml": "",
      "xml_modified_by": null,
      "xml_error_message": "",
      "tag": []
    }
  },
  {
    "model": "annotations.es_document",
    "pk": 2297,
    "fields": {
      "es_id": "f246_qdb-d1e35261",
      "index": "",
      "version": null,
      "scans": null,
      "xml": "",
      "xml_modified_by": null,
      "xml_error_message": "",
      "tag": []
    }
  },
  {
    "model": "annotations.es_document",
    "pk": 6042,
    "fields": {
      "es_id": "f246_qdb-d1e35081",
      "index": "",
      "version": null,
      "scans": null,
      "xml": "",
      "xml_modified_by": null,
      "xml_error_message": "",
      "tag": []
    }
  },
  {
    "model": "annotations.es_document",
    "pk": 2302,
    "fields": {
      "es_id": "f246_qdb-d1e34570",
      "index": "",
      "version": null,
      "scans": null,
      "xml": "",
      "xml_modified_by": null,
      "xml_error_message": "",
      "tag": []
    }
  },
  {
    "model": "annotations.es_document",
    "pk": 2681,
    "fields": {
      "es_id": "f246_qdb-d1e34469",
      "index": "",
      "version": null,
      "scans": null,
      "xml": "",
      "xml_modified_by": null,
      "xml_error_message": "",
      "tag": []
    }
  },
  {
    "model": "annotations.es_document",
    "pk": 1244,
    "fields": {
      "es_id": "f246_qdb-d1e34171",
      "index": "",
      "version": null,
      "scans": null,
      "xml": "",
      "xml_modified_by": null,
      "xml_error_message": "",
      "tag": []
    }
  },
  {
    "model": "annotations.es_document",
    "pk": 1124,
    "fields": {
      "es_id": "f246_qdb-d1e33908",
      "index": "",
      "version": null,
      "scans": null,
      "xml": "",
      "xml_modified_by": null,
      "xml_error_message": "",
      "tag": []
    }
  },
  {
    "model": "annotations.es_document",
    "pk": 1125,
    "fields": {
      "es_id": "f246_qdb-d1e33858",
      "index": "",
      "version": null,
      "scans": null,
      "xml": "",
      "xml_modified_by": null,
      "xml_error_message": "",
      "tag": []
    }
  },
  {
    "model": "annotations.es_document",
    "pk": 6039,
    "fields": {
      "es_id": "f246_qdb-d1e33438",
      "index": "",
      "version": null,
      "scans": null,
      "xml": "",
      "xml_modified_by": null,
      "xml_error_message": "",
      "tag": []
    }
  },
  {
    "model": "annotations.es_document",
    "pk": 1247,
    "fields": {
      "es_id": "f246_qdb-d1e33412",
      "index": "",
      "version": null,
      "scans": null,
      "xml": "",
      "xml_modified_by": null,
      "xml_error_message": "",
      "tag": []
    }
  },
  {
    "model": "annotations.es_document",
    "pk": 2373,
    "fields": {
      "es_id": "f246_qdb-d1e33270",
      "index": "",
      "version": null,
      "scans": null,
      "xml": "",
      "xml_modified_by": null,
      "xml_error_message": "",
      "tag": []
    }
  },
  {
    "model": "annotations.es_document",
    "pk": 1129,
    "fields": {
      "es_id": "f246_qdb-d1e33092",
      "index": "",
      "version": null,
      "scans": null,
      "xml": "",
      "xml_modified_by": null,
      "xml_error_message": "",
      "tag": []
    }
  },
  {
    "model": "annotations.es_document",
    "pk": 1251,
    "fields": {
      "es_id": "f246_qdb-d1e32483",
      "index": "",
      "version": null,
      "scans": null,
      "xml": "",
      "xml_modified_by": null,
      "xml_error_message": "",
      "tag": []
    }
  },
  {
    "model": "annotations.es_document",
    "pk": 1254,
    "fields": {
      "es_id": "f246_qdb-d1e31851",
      "index": "",
      "version": null,
      "scans": null,
      "xml": "",
      "xml_modified_by": null,
      "xml_error_message": "",
      "tag": []
    }
  },
  {
    "model": "annotations.es_document",
    "pk": 1143,
    "fields": {
      "es_id": "f246_qdb-d1e31296",
      "index": "",
      "version": null,
      "scans": null,
      "xml": "",
      "xml_modified_by": null,
      "xml_error_message": "",
      "tag": []
    }
  },
  {
    "model": "annotations.es_document",
    "pk": 2313,
    "fields": {
      "es_id": "f246_qdb-d1e31244",
      "index": "",
      "version": null,
      "scans": null,
      "xml": "",
      "xml_modified_by": null,
      "xml_error_message": "",
      "tag": []
    }
  },
  {
    "model": "annotations.es_document",
    "pk": 2339,
    "fields": {
      "es_id": "f246_qdb-d1e31119",
      "index": "",
      "version": null,
      "scans": null,
      "xml": "",
      "xml_modified_by": null,
      "xml_error_message": "",
      "tag": []
    }
  },
  {
    "model": "annotations.es_document",
    "pk": 6035,
    "fields": {
      "es_id": "f246_qdb-d1e31087",
      "index": "",
      "version": null,
      "scans": null,
      "xml": "",
      "xml_modified_by": null,
      "xml_error_message": "",
      "tag": []
    }
  },
  {
    "model": "annotations.es_document",
    "pk": 2280,
    "fields": {
      "es_id": "f246_qdb-d1e31055",
      "index": "",
      "version": null,
      "scans": null,
      "xml": "",
      "xml_modified_by": null,
      "xml_error_message": "",
      "tag": []
    }
  },
  {
    "model": "annotations.es_document",
    "pk": 2366,
    "fields": {
      "es_id": "f246_qdb-d1e30931",
      "index": "",
      "version": null,
      "scans": null,
      "xml": "",
      "xml_modified_by": null,
      "xml_error_message": "",
      "tag": []
    }
  },
  {
    "model": "annotations.es_document",
    "pk": 1148,
    "fields": {
      "es_id": "f246_qdb-d1e30906",
      "index": "",
      "version": null,
      "scans": null,
      "xml": "",
      "xml_modified_by": null,
      "xml_error_message": "",
      "tag": []
    }
  },
  {
    "model": "annotations.es_document",
    "pk": 2365,
    "fields": {
      "es_id": "f246_qdb-d1e30829",
      "index": "",
      "version": null,
      "scans": null,
      "xml": "",
      "xml_modified_by": null,
      "xml_error_message": "",
      "tag": []
    }
  },
  {
    "model": "annotations.es_document",
    "pk": 2340,
    "fields": {
      "es_id": "f246_qdb-d1e30722",
      "index": "",
      "version": null,
      "scans": null,
      "xml": "",
      "xml_modified_by": null,
      "xml_error_message": "",
      "tag": []
    }
  },
  {
    "model": "annotations.es_document",
    "pk": 1261,
    "fields": {
      "es_id": "f246_qdb-d1e30674",
      "index": "",
      "version": null,
      "scans": null,
      "xml": "",
      "xml_modified_by": null,
      "xml_error_message": "",
      "tag": []
    }
  },
  {
    "model": "annotations.es_document",
    "pk": 2276,
    "fields": {
      "es_id": "f246_qdb-d1e30551",
      "index": "",
      "version": null,
      "scans": null,
      "xml": "",
      "xml_modified_by": null,
      "xml_error_message": "",
      "tag": []
    }
  },
  {
    "model": "annotations.es_document",
    "pk": 1566,
    "fields": {
      "es_id": "f229_qdb-d1e62669",
      "index": "",
      "version": null,
      "scans": null,
      "xml": "",
      "xml_modified_by": null,
      "xml_error_message": "",
      "tag": [147]
    }
  },
  {
    "model": "annotations.es_document",
    "pk": 1564,
    "fields": {
      "es_id": "f229_qdb-d1e62487",
      "index": "",
      "version": null,
      "scans": null,
      "xml": "",
      "xml_modified_by": null,
      "xml_error_message": "",
      "tag": [147]
    }
  },
  {
    "model": "annotations.es_document",
    "pk": 1569,
    "fields": {
      "es_id": "f229_qdb-d1e62464",
      "index": "",
      "version": null,
      "scans": null,
      "xml": "",
      "xml_modified_by": null,
      "xml_error_message": "",
      "tag": []
    }
  },
  {
    "model": "auth.user",
    "pk": 13,
    "fields": {
      "password": "pbkdf2_sha256$120000$2v077umcp4NA$G4Ftl1vxZ5Cz/kRk2wnI11paRRBKpsaJTOWD/UCIZ8Y=",
      "last_login": "2020-02-12T14:54:11.091Z",
      "is_superuser": false,
      "username": "abergermayer",
      "first_name": "Angela",
      "last_name": "Bergermayer",
      "email": "",
      "is_staff": true,
      "is_active": true,
      "date_joined": "2018-11-26T12:12:02Z",
      "groups": [1],
      "user_permissions": []
    }
  },
  {
    "model": "annotations.es_document",
    "pk": 1746,
    "fields": {
      "es_id": "z879_qdb-d1e29167",
      "index": "",
      "version": null,
      "scans": null,
      "xml": "",
      "xml_modified_by": null,
      "xml_error_message": "",
      "tag": []
    }
  },
  {
    "model": "annotations.es_document",
    "pk": 1737,
    "fields": {
      "es_id": "z879_qdb-d1e29140",
      "index": "",
      "version": null,
      "scans": null,
      "xml": "",
      "xml_modified_by": null,
      "xml_error_message": "",
      "tag": []
    }
  },
  {
    "model": "annotations.es_document",
    "pk": 1751,
    "fields": {
      "es_id": "z873_qdb-d1e62519",
      "index": "",
      "version": null,
      "scans": null,
      "xml": "",
      "xml_modified_by": null,
      "xml_error_message": "",
      "tag": []
    }
  },
  {
    "model": "annotations.es_document",
    "pk": 1757,
    "fields": {
      "es_id": "z873_qdb-d1e62478",
      "index": "",
      "version": null,
      "scans": null,
      "xml": "",
      "xml_modified_by": null,
      "xml_error_message": "",
      "tag": []
    }
  },
  {
    "model": "annotations.es_document",
    "pk": 1728,
    "fields": {
      "es_id": "z873_qdb-d1e62434",
      "index": "",
      "version": null,
      "scans": null,
      "xml": "",
      "xml_modified_by": null,
      "xml_error_message": "",
      "tag": []
    }
  },
  {
    "model": "annotations.es_document",
    "pk": 1758,
    "fields": {
      "es_id": "z873_qdb-d1e62399",
      "index": "",
      "version": null,
      "scans": null,
      "xml": "",
      "xml_modified_by": null,
      "xml_error_message": "",
      "tag": []
    }
  },
  {
    "model": "annotations.es_document",
    "pk": 1816,
    "fields": {
      "es_id": "z872_qdbn-d15e44659",
      "index": "",
      "version": null,
      "scans": null,
      "xml": "",
      "xml_modified_by": null,
      "xml_error_message": "",
      "tag": []
    }
  },
  {
    "model": "annotations.es_document",
    "pk": 1783,
    "fields": {
      "es_id": "w853_qdb-d1e27850",
      "index": "",
      "version": null,
      "scans": null,
      "xml": "",
      "xml_modified_by": null,
      "xml_error_message": "",
      "tag": []
    }
  },
  {
    "model": "annotations.es_document",
    "pk": 1819,
    "fields": {
      "es_id": "s805_qdb-d1e84282",
      "index": "",
      "version": null,
      "scans": null,
      "xml": "",
      "xml_modified_by": null,
      "xml_error_message": "",
      "tag": []
    }
  },
  {
    "model": "annotations.es_document",
    "pk": 1754,
    "fields": {
      "es_id": "s781_qdb-d1e30570",
      "index": "",
      "version": null,
      "scans": null,
      "xml": "",
      "xml_modified_by": null,
      "xml_error_message": "",
      "tag": []
    }
  },
  {
    "model": "annotations.es_document",
    "pk": 1741,
    "fields": {
      "es_id": "s759_qdb-d1e78581",
      "index": "",
      "version": null,
      "scans": null,
      "xml": "",
      "xml_modified_by": null,
      "xml_error_message": "",
      "tag": []
    }
  },
  {
    "model": "annotations.es_document",
    "pk": 1738,
    "fields": {
      "es_id": "s715_qdb-d1e23866",
      "index": "",
      "version": null,
      "scans": null,
      "xml": "",
      "xml_modified_by": null,
      "xml_error_message": "",
      "tag": []
    }
  },
  {
    "model": "annotations.es_document",
    "pk": 1823,
    "fields": {
      "es_id": "s715_qdb-d1e19957",
      "index": "",
      "version": null,
      "scans": null,
      "xml": "",
      "xml_modified_by": null,
      "xml_error_message": "",
      "tag": []
    }
  },
  {
    "model": "annotations.es_document",
    "pk": 1814,
    "fields": {
      "es_id": "r657_qdb-d1e103161",
      "index": "",
      "version": null,
      "scans": null,
      "xml": "",
      "xml_modified_by": null,
      "xml_error_message": "",
      "tag": []
    }
  },
  {
    "model": "annotations.es_document",
    "pk": 1811,
    "fields": {
      "es_id": "m608_qdb-d1e91677",
      "index": "",
      "version": null,
      "scans": null,
      "xml": "",
      "xml_modified_by": null,
      "xml_error_message": "",
      "tag": []
    }
  },
  {
    "model": "annotations.es_document",
    "pk": 1812,
    "fields": {
      "es_id": "m608_qdb-d1e91030",
      "index": "",
      "version": null,
      "scans": null,
      "xml": "",
      "xml_modified_by": null,
      "xml_error_message": "",
      "tag": []
    }
  },
  {
    "model": "annotations.es_document",
    "pk": 1748,
    "fields": {
      "es_id": "m608_qdb-d1e89253",
      "index": "",
      "version": null,
      "scans": null,
      "xml": "",
      "xml_modified_by": null,
      "xml_error_message": "",
      "tag": []
    }
  },
  {
    "model": "annotations.es_document",
    "pk": 1753,
    "fields": {
      "es_id": "m608_qdb-d1e87580",
      "index": "",
      "version": null,
      "scans": null,
      "xml": "",
      "xml_modified_by": null,
      "xml_error_message": "",
      "tag": []
    }
  },
  {
    "model": "annotations.es_document",
    "pk": 1727,
    "fields": {
      "es_id": "m608_qdb-d1e87093",
      "index": "",
      "version": null,
      "scans": null,
      "xml": "",
      "xml_modified_by": null,
      "xml_error_message": "",
      "tag": []
    }
  },
  {
    "model": "annotations.es_document",
    "pk": 1803,
    "fields": {
      "es_id": "m608_qdb-d1e82689",
      "index": "",
      "version": null,
      "scans": null,
      "xml": "",
      "xml_modified_by": null,
      "xml_error_message": "",
      "tag": []
    }
  },
  {
    "model": "annotations.es_document",
    "pk": 1755,
    "fields": {
      "es_id": "m608_qdb-d1e82601",
      "index": "",
      "version": null,
      "scans": null,
      "xml": "",
      "xml_modified_by": null,
      "xml_error_message": "",
      "tag": []
    }
  },
  {
    "model": "annotations.es_document",
    "pk": 1752,
    "fields": {
      "es_id": "m608_qdb-d1e1898",
      "index": "",
      "version": null,
      "scans": null,
      "xml": "",
      "xml_modified_by": null,
      "xml_error_message": "",
      "tag": []
    }
  },
  {
    "model": "annotations.es_document",
    "pk": 1739,
    "fields": {
      "es_id": "m607_qdb-d1e81949",
      "index": "",
      "version": null,
      "scans": null,
      "xml": "",
      "xml_modified_by": null,
      "xml_error_message": "",
      "tag": []
    }
  },
  {
    "model": "annotations.es_document",
    "pk": 1729,
    "fields": {
      "es_id": "m607_qdb-d1e54240",
      "index": "",
      "version": null,
      "scans": null,
      "xml": "",
      "xml_modified_by": null,
      "xml_error_message": "",
      "tag": []
    }
  },
  {
    "model": "annotations.es_document",
    "pk": 37,
    "fields": {
      "es_id": "m605_qdb-d1e23090",
      "index": "",
      "version": null,
      "scans": null,
      "xml": "",
      "xml_modified_by": null,
      "xml_error_message": "",
      "tag": []
    }
  },
  {
    "model": "annotations.es_document",
    "pk": 1731,
    "fields": {
      "es_id": "m602_qdb-d1e41541",
      "index": "",
      "version": null,
      "scans": null,
      "xml": "",
      "xml_modified_by": null,
      "xml_error_message": "",
      "tag": []
    }
  },
  {
    "model": "annotations.es_document",
    "pk": 1726,
    "fields": {
      "es_id": "l549_qdb-d1e33698",
      "index": "",
      "version": null,
      "scans": null,
      "xml": "",
      "xml_modified_by": null,
      "xml_error_message": "",
      "tag": []
    }
  },
  {
    "model": "annotations.es_document",
    "pk": 1651,
    "fields": {
      "es_id": "k517_qdb-d1e37060",
      "index": "",
      "version": null,
      "scans": null,
      "xml": "",
      "xml_modified_by": null,
      "xml_error_message": "",
      "tag": [250, 255, 249]
    }
  },
  {
    "model": "annotations.es_document",
    "pk": 1644,
    "fields": {
      "es_id": "k517_qdb-d1e36924",
      "index": "",
      "version": null,
      "scans": null,
      "xml": "",
      "xml_modified_by": null,
      "xml_error_message": "",
      "tag": [147, 246]
    }
  },
  {
    "model": "annotations.es_document",
    "pk": 1654,
    "fields": {
      "es_id": "k517_qdb-d1e36889",
      "index": "",
      "version": null,
      "scans": null,
      "xml": "",
      "xml_modified_by": null,
      "xml_error_message": "",
      "tag": [147, 246, 249]
    }
  },
  {
    "model": "annotations.es_document",
    "pk": 1647,
    "fields": {
      "es_id": "k489_qdbn-d15e53463",
      "index": "",
      "version": null,
      "scans": null,
      "xml": "",
      "xml_modified_by": null,
      "xml_error_message": "",
      "tag": []
    }
  },
  {
    "model": "annotations.es_document",
    "pk": 1759,
    "fields": {
      "es_id": "h365_qdb-d1e43514",
      "index": "",
      "version": null,
      "scans": null,
      "xml": "",
      "xml_modified_by": null,
      "xml_error_message": "",
      "tag": []
    }
  },
  {
    "model": "annotations.es_document",
    "pk": 1818,
    "fields": {
      "es_id": "h361_qdb-d1e64070",
      "index": "",
      "version": null,
      "scans": null,
      "xml": "",
      "xml_modified_by": null,
      "xml_error_message": "",
      "tag": []
    }
  },
  {
    "model": "annotations.es_document",
    "pk": 1805,
    "fields": {
      "es_id": "g311_qdb-d1e46955",
      "index": "",
      "version": null,
      "scans": null,
      "xml": "",
      "xml_modified_by": null,
      "xml_error_message": "",
      "tag": [3907, 147, 246, 248]
    }
  },
  {
    "model": "annotations.es_document",
    "pk": 1815,
    "fields": {
      "es_id": "g311_qdb-d1e46930",
      "index": "",
      "version": null,
      "scans": null,
      "xml": "",
      "xml_modified_by": null,
      "xml_error_message": "",
      "tag": [3907, 147, 246, 248]
    }
  },
  {
    "model": "annotations.es_document",
    "pk": 1642,
    "fields": {
      "es_id": "g297_qdb-d1e50617",
      "index": "",
      "version": null,
      "scans": null,
      "xml": "",
      "xml_modified_by": null,
      "xml_error_message": "",
      "tag": []
    }
  },
  {
    "model": "annotations.es_document",
    "pk": 1645,
    "fields": {
      "es_id": "g297_qdb-d1e50335",
      "index": "",
      "version": null,
      "scans": null,
      "xml": "",
      "xml_modified_by": null,
      "xml_error_message": "",
      "tag": []
    }
  },
  {
    "model": "annotations.es_document",
    "pk": 1857,
    "fields": {
      "es_id": "f243_qdbn-d15e23674",
      "index": "",
      "version": null,
      "scans": null,
      "xml": "",
      "xml_modified_by": null,
      "xml_error_message": "",
      "tag": []
    }
  },
  {
    "model": "annotations.es_document",
    "pk": 1763,
    "fields": {
      "es_id": "f243_qdb-d1e75481",
      "index": "",
      "version": null,
      "scans": null,
      "xml": "",
      "xml_modified_by": null,
      "xml_error_message": "",
      "tag": [147, 246, 249, 2772]
    }
  },
  {
    "model": "annotations.es_document",
    "pk": 1792,
    "fields": {
      "es_id": "f243_qdb-d1e75456",
      "index": "",
      "version": null,
      "scans": null,
      "xml": "",
      "xml_modified_by": null,
      "xml_error_message": "",
      "tag": [260, 147, 246, 249, 2769]
    }
  },
  {
    "model": "annotations.es_document",
    "pk": 17,
    "fields": {
      "es_id": "f243_qdb-d1e75368",
      "index": "",
      "version": null,
      "scans": null,
      "xml": "",
      "xml_modified_by": null,
      "xml_error_message": "",
      "tag": [147, 246, 248, 2769]
    }
  },
  {
    "model": "annotations.es_document",
    "pk": 1785,
    "fields": {
      "es_id": "f243_qdb-d1e75341",
      "index": "",
      "version": null,
      "scans": null,
      "xml": "",
      "xml_modified_by": null,
      "xml_error_message": "",
      "tag": [293, 147, 246, 249]
    }
  },
  {
    "model": "annotations.es_document",
    "pk": 1764,
    "fields": {
      "es_id": "f243_qdb-d1e75314",
      "index": "",
      "version": null,
      "scans": null,
      "xml": "",
      "xml_modified_by": null,
      "xml_error_message": "",
      "tag": [147, 246, 249]
    }
  },
  {
    "model": "annotations.es_document",
    "pk": 1786,
    "fields": {
      "es_id": "f243_qdb-d1e75268",
      "index": "",
      "version": null,
      "scans": null,
      "xml": "",
      "xml_modified_by": null,
      "xml_error_message": "",
      "tag": [147, 246, 249]
    }
  },
  {
    "model": "annotations.es_document",
    "pk": 1791,
    "fields": {
      "es_id": "f243_qdb-d1e75193",
      "index": "",
      "version": null,
      "scans": null,
      "xml": "",
      "xml_modified_by": null,
      "xml_error_message": "",
      "tag": [250, 246, 249]
    }
  },
  {
    "model": "annotations.es_document",
    "pk": 1767,
    "fields": {
      "es_id": "f243_qdb-d1e75141",
      "index": "",
      "version": null,
      "scans": null,
      "xml": "",
      "xml_modified_by": null,
      "xml_error_message": "",
      "tag": [250, 246, 249]
    }
  },
  {
    "model": "annotations.es_document",
    "pk": 1787,
    "fields": {
      "es_id": "f243_qdb-d1e75065",
      "index": "",
      "version": null,
      "scans": null,
      "xml": "",
      "xml_modified_by": null,
      "xml_error_message": "",
      "tag": [250, 246, 249]
    }
  },
  {
    "model": "annotations.es_document",
    "pk": 1775,
    "fields": {
      "es_id": "f243_qdb-d1e75015",
      "index": "",
      "version": null,
      "scans": null,
      "xml": "",
      "xml_modified_by": null,
      "xml_error_message": "",
      "tag": [147, 246, 249]
    }
  },
  {
    "model": "annotations.es_document",
    "pk": 1784,
    "fields": {
      "es_id": "f243_qdb-d1e74990",
      "index": "",
      "version": null,
      "scans": null,
      "xml": "",
      "xml_modified_by": null,
      "xml_error_message": "",
      "tag": [250, 246, 249]
    }
  },
  {
    "model": "annotations.es_document",
    "pk": 1795,
    "fields": {
      "es_id": "f243_qdb-d1e74936",
      "index": "",
      "version": null,
      "scans": null,
      "xml": "",
      "xml_modified_by": null,
      "xml_error_message": "",
      "tag": [260, 2770, 147, 246, 249]
    }
  },
  {
    "model": "annotations.es_document",
    "pk": 1797,
    "fields": {
      "es_id": "f243_qdb-d1e74909",
      "index": "",
      "version": null,
      "scans": null,
      "xml": "",
      "xml_modified_by": null,
      "xml_error_message": "",
      "tag": [260, 2770, 147, 246, 249]
    }
  },
  {
    "model": "annotations.es_document",
    "pk": 1793,
    "fields": {
      "es_id": "f243_qdb-d1e74886",
      "index": "",
      "version": null,
      "scans": null,
      "xml": "",
      "xml_modified_by": null,
      "xml_error_message": "",
      "tag": [250, 246, 249]
    }
  },
  {
    "model": "annotations.es_document",
    "pk": 1766,
    "fields": {
      "es_id": "f243_qdb-d1e74859",
      "index": "",
      "version": null,
      "scans": null,
      "xml": "",
      "xml_modified_by": null,
      "xml_error_message": "",
      "tag": [147, 246, 249]
    }
  },
  {
    "model": "annotations.es_document",
    "pk": 1794,
    "fields": {
      "es_id": "f243_qdb-d1e74836",
      "index": "",
      "version": null,
      "scans": null,
      "xml": "",
      "xml_modified_by": null,
      "xml_error_message": "",
      "tag": [147, 246, 249]
    }
  },
  {
    "model": "annotations.es_document",
    "pk": 1768,
    "fields": {
      "es_id": "f243_qdb-d1e74762",
      "index": "",
      "version": null,
      "scans": null,
      "xml": "",
      "xml_modified_by": null,
      "xml_error_message": "",
      "tag": [250, 246, 249]
    }
  },
  {
    "model": "annotations.es_document",
    "pk": 1772,
    "fields": {
      "es_id": "f243_qdb-d1e74739",
      "index": "",
      "version": null,
      "scans": null,
      "xml": "",
      "xml_modified_by": null,
      "xml_error_message": "",
      "tag": [250, 246, 249]
    }
  },
  {
    "model": "annotations.es_document",
    "pk": 1776,
    "fields": {
      "es_id": "f243_qdb-d1e74716",
      "index": "",
      "version": null,
      "scans": null,
      "xml": "",
      "xml_modified_by": null,
      "xml_error_message": "",
      "tag": [2770, 147, 246, 249]
    }
  },
  {
    "model": "annotations.es_document",
    "pk": 1796,
    "fields": {
      "es_id": "f243_qdb-d1e74672",
      "index": "",
      "version": null,
      "scans": null,
      "xml": "",
      "xml_modified_by": null,
      "xml_error_message": "",
      "tag": [250, 246, 249]
    }
  },
  {
    "model": "annotations.es_document",
    "pk": 1789,
    "fields": {
      "es_id": "f243_qdb-d1e74566",
      "index": "",
      "version": null,
      "scans": null,
      "xml": "",
      "xml_modified_by": null,
      "xml_error_message": "",
      "tag": [250, 246, 249]
    }
  },
  {
    "model": "annotations.es_document",
    "pk": 1777,
    "fields": {
      "es_id": "f243_qdb-d1e74541",
      "index": "",
      "version": null,
      "scans": null,
      "xml": "",
      "xml_modified_by": null,
      "xml_error_message": "",
      "tag": [250, 246, 249]
    }
  },
  {
    "model": "annotations.es_document",
    "pk": 1778,
    "fields": {
      "es_id": "f243_qdb-d1e74516",
      "index": "",
      "version": null,
      "scans": null,
      "xml": "",
      "xml_modified_by": null,
      "xml_error_message": "",
      "tag": [250, 246, 249]
    }
  },
  {
    "model": "annotations.es_document",
    "pk": 1771,
    "fields": {
      "es_id": "f243_qdb-d1e74489",
      "index": "",
      "version": null,
      "scans": null,
      "xml": "",
      "xml_modified_by": null,
      "xml_error_message": "",
      "tag": [250, 246, 249]
    }
  },
  {
    "model": "annotations.es_document",
    "pk": 1862,
    "fields": {
      "es_id": "f243_qdb-d1e74446",
      "index": "",
      "version": null,
      "scans": null,
      "xml": "",
      "xml_modified_by": null,
      "xml_error_message": "",
      "tag": [250, 246, 248]
    }
  },
  {
    "model": "annotations.es_document",
    "pk": 38,
    "fields": {
      "es_id": "f243_qdb-d1e74211",
      "index": "",
      "version": null,
      "scans": null,
      "xml": "",
      "xml_modified_by": null,
      "xml_error_message": "",
      "tag": [293, 147, 246, 248]
    }
  },
  {
    "model": "annotations.es_document",
    "pk": 6,
    "fields": {
      "es_id": "f243_qdb-d1e74150",
      "index": "",
      "version": null,
      "scans": null,
      "xml": "",
      "xml_modified_by": null,
      "xml_error_message": "",
      "tag": [328, 147, 246, 248]
    }
  },
  {
    "model": "annotations.es_document",
    "pk": 1844,
    "fields": {
      "es_id": "f243_qdb-d1e74082",
      "index": "",
      "version": null,
      "scans": null,
      "xml": "",
      "xml_modified_by": null,
      "xml_error_message": "",
      "tag": [147, 246, 248, 2769]
    }
  },
  {
    "model": "annotations.es_document",
    "pk": 1845,
    "fields": {
      "es_id": "f243_qdb-d1e74053",
      "index": "",
      "version": null,
      "scans": null,
      "xml": "",
      "xml_modified_by": null,
      "xml_error_message": "",
      "tag": [147, 246, 248, 2423, 2772]
    }
  },
  {
    "model": "annotations.es_document",
    "pk": 1860,
    "fields": {
      "es_id": "f243_qdb-d1e74009",
      "index": "",
      "version": null,
      "scans": null,
      "xml": "",
      "xml_modified_by": null,
      "xml_error_message": "",
      "tag": [2773, 147, 246, 248, 2772, 2769]
    }
  },
  {
    "model": "annotations.es_document",
    "pk": 1831,
    "fields": {
      "es_id": "f243_qdb-d1e73980",
      "index": "",
      "version": null,
      "scans": null,
      "xml": "",
      "xml_modified_by": null,
      "xml_error_message": "",
      "tag": [2770, 147, 246, 248]
    }
  },
  {
    "model": "annotations.es_document",
    "pk": 1861,
    "fields": {
      "es_id": "f243_qdb-d1e73951",
      "index": "",
      "version": null,
      "scans": null,
      "xml": "",
      "xml_modified_by": null,
      "xml_error_message": "",
      "tag": [2770, 147, 246, 248]
    }
  },
  {
    "model": "annotations.es_document",
    "pk": 51,
    "fields": {
      "es_id": "f243_qdb-d1e73922",
      "index": "",
      "version": null,
      "scans": null,
      "xml": "",
      "xml_modified_by": null,
      "xml_error_message": "",
      "tag": [250, 246, 248]
    }
  },
  {
    "model": "annotations.es_document",
    "pk": 21,
    "fields": {
      "es_id": "f243_qdb-d1e73898",
      "index": "",
      "version": null,
      "scans": null,
      "xml": "",
      "xml_modified_by": null,
      "xml_error_message": "",
      "tag": [260, 2770, 147, 246, 248]
    }
  },
  {
    "model": "annotations.es_document",
    "pk": 1832,
    "fields": {
      "es_id": "f243_qdb-d1e73807",
      "index": "",
      "version": null,
      "scans": null,
      "xml": "",
      "xml_modified_by": null,
      "xml_error_message": "",
      "tag": [2770, 147, 246, 248]
    }
  },
  {
    "model": "annotations.es_document",
    "pk": 14,
    "fields": {
      "es_id": "f243_qdb-d1e73684",
      "index": "",
      "version": null,
      "scans": null,
      "xml": "",
      "xml_modified_by": null,
      "xml_error_message": "",
      "tag": [250, 246, 248]
    }
  },
  {
    "model": "annotations.es_document",
    "pk": 42,
    "fields": {
      "es_id": "f243_qdb-d1e73628",
      "index": "",
      "version": null,
      "scans": null,
      "xml": "",
      "xml_modified_by": null,
      "xml_error_message": "",
      "tag": [250, 246, 248]
    }
  },
  {
    "model": "annotations.es_document",
    "pk": 52,
    "fields": {
      "es_id": "f243_qdb-d1e73545",
      "index": "",
      "version": null,
      "scans": null,
      "xml": "",
      "xml_modified_by": null,
      "xml_error_message": "",
      "tag": [2770, 147, 246, 248, 2248]
    }
  },
  {
    "model": "annotations.es_document",
    "pk": 1833,
    "fields": {
      "es_id": "f243_qdb-d1e73369",
      "index": "",
      "version": null,
      "scans": null,
      "xml": "",
      "xml_modified_by": null,
      "xml_error_message": "",
      "tag": [2770, 147, 246, 248]
    }
  },
  {
    "model": "annotations.es_document",
    "pk": 1846,
    "fields": {
      "es_id": "f243_qdb-d1e73327",
      "index": "",
      "version": null,
      "scans": null,
      "xml": "",
      "xml_modified_by": null,
      "xml_error_message": "",
      "tag": [2770, 147, 246, 248]
    }
  },
  {
    "model": "annotations.es_document",
    "pk": 1847,
    "fields": {
      "es_id": "f243_qdb-d1e73277",
      "index": "",
      "version": null,
      "scans": null,
      "xml": "",
      "xml_modified_by": null,
      "xml_error_message": "",
      "tag": [250, 246, 248]
    }
  },
  {
    "model": "annotations.es_document",
    "pk": 7,
    "fields": {
      "es_id": "f243_qdb-d1e73248",
      "index": "",
      "version": null,
      "scans": null,
      "xml": "",
      "xml_modified_by": null,
      "xml_error_message": "",
      "tag": [250, 246, 248]
    }
  },
  {
    "model": "annotations.es_document",
    "pk": 1848,
    "fields": {
      "es_id": "f243_qdb-d1e73192",
      "index": "",
      "version": null,
      "scans": null,
      "xml": "",
      "xml_modified_by": null,
      "xml_error_message": "",
      "tag": [2770, 147, 246, 248]
    }
  },
  {
    "model": "annotations.es_document",
    "pk": 1865,
    "fields": {
      "es_id": "f243_qdb-d1e73163",
      "index": "",
      "version": null,
      "scans": null,
      "xml": "",
      "xml_modified_by": null,
      "xml_error_message": "",
      "tag": [2770, 147, 246, 248]
    }
  },
  {
    "model": "annotations.es_document",
    "pk": 1849,
    "fields": {
      "es_id": "f243_qdb-d1e73123",
      "index": "",
      "version": null,
      "scans": null,
      "xml": "",
      "xml_modified_by": null,
      "xml_error_message": "",
      "tag": [2770, 147, 246, 248]
    }
  },
  {
    "model": "annotations.es_document",
    "pk": 1866,
    "fields": {
      "es_id": "f243_qdb-d1e72998",
      "index": "",
      "version": null,
      "scans": null,
      "xml": "",
      "xml_modified_by": null,
      "xml_error_message": "",
      "tag": [2770, 147, 246, 248, 2769]
    }
  },
  {
    "model": "annotations.es_document",
    "pk": 50,
    "fields": {
      "es_id": "f243_qdb-d1e72969",
      "index": "",
      "version": null,
      "scans": null,
      "xml": "",
      "xml_modified_by": null,
      "xml_error_message": "",
      "tag": [2770, 147, 246, 248]
    }
  },
  {
    "model": "annotations.es_document",
    "pk": 1834,
    "fields": {
      "es_id": "f243_qdb-d1e72887",
      "index": "",
      "version": null,
      "scans": null,
      "xml": "",
      "xml_modified_by": null,
      "xml_error_message": "",
      "tag": [250, 246, 248]
    }
  },
  {
    "model": "annotations.es_document",
    "pk": 1838,
    "fields": {
      "es_id": "f243_qdb-d1e72757",
      "index": "",
      "version": null,
      "scans": null,
      "xml": "",
      "xml_modified_by": null,
      "xml_error_message": "",
      "tag": [147, 246, 248, 2769]
    }
  },
  {
    "model": "annotations.es_document",
    "pk": 5,
    "fields": {
      "es_id": "f243_qdb-d1e72690",
      "index": "",
      "version": null,
      "scans": null,
      "xml": "",
      "xml_modified_by": null,
      "xml_error_message": "",
      "tag": [250, 246, 248]
    }
  },
  {
    "model": "annotations.es_document",
    "pk": 8,
    "fields": {
      "es_id": "f243_qdb-d1e72659",
      "index": "",
      "version": null,
      "scans": null,
      "xml": "",
      "xml_modified_by": null,
      "xml_error_message": "",
      "tag": [250, 246, 248]
    }
  },
  {
    "model": "annotations.es_document",
    "pk": 1835,
    "fields": {
      "es_id": "f243_qdb-d1e72498",
      "index": "",
      "version": null,
      "scans": null,
      "xml": "",
      "xml_modified_by": null,
      "xml_error_message": "",
      "tag": [2770, 147, 246, 248]
    }
  },
  {
    "model": "annotations.es_document",
    "pk": 29,
    "fields": {
      "es_id": "f243_qdb-d1e72422",
      "index": "",
      "version": null,
      "scans": null,
      "xml": "",
      "xml_modified_by": null,
      "xml_error_message": "",
      "tag": [250, 246, 248]
    }
  },
  {
    "model": "annotations.es_document",
    "pk": 39,
    "fields": {
      "es_id": "f243_qdb-d1e72332",
      "index": "",
      "version": null,
      "scans": null,
      "xml": "",
      "xml_modified_by": null,
      "xml_error_message": "",
      "tag": [250, 246, 248]
    }
  },
  {
    "model": "annotations.es_document",
    "pk": 1836,
    "fields": {
      "es_id": "f243_qdb-d1e72301",
      "index": "",
      "version": null,
      "scans": null,
      "xml": "",
      "xml_modified_by": null,
      "xml_error_message": "",
      "tag": [2770, 147, 246, 248]
    }
  },
  {
    "model": "annotations.es_document",
    "pk": 1850,
    "fields": {
      "es_id": "f243_qdb-d1e72268",
      "index": "",
      "version": null,
      "scans": null,
      "xml": "",
      "xml_modified_by": null,
      "xml_error_message": "",
      "tag": [2770, 147, 246, 248]
    }
  },
  {
    "model": "annotations.es_document",
    "pk": 1806,
    "fields": {
      "es_id": "f243_qdb-d1e60997",
      "index": "",
      "version": null,
      "scans": null,
      "xml": "",
      "xml_modified_by": null,
      "xml_error_message": "",
      "tag": [2231, 147, 246, 249]
    }
  },
  {
    "model": "annotations.es_document",
    "pk": 1825,
    "fields": {
      "es_id": "f243_qdb-d1e51492",
      "index": "",
      "version": null,
      "scans": null,
      "xml": "",
      "xml_modified_by": null,
      "xml_error_message": "",
      "tag": [250, 246, 248]
    }
  },
  {
    "model": "annotations.es_document",
    "pk": 15,
    "fields": {
      "es_id": "f243_qdb-d1e48237",
      "index": "",
      "version": null,
      "scans": null,
      "xml": "",
      "xml_modified_by": null,
      "xml_error_message": "",
      "tag": [2177, 147, 246, 248]
    }
  },
  {
    "model": "annotations.es_document",
    "pk": 1779,
    "fields": {
      "es_id": "f243_qdb-d1e39139",
      "index": "",
      "version": null,
      "scans": null,
      "xml": "",
      "xml_modified_by": null,
      "xml_error_message": "",
      "tag": [293, 147, 246, 249]
    }
  },
  {
    "model": "annotations.es_document",
    "pk": 1780,
    "fields": {
      "es_id": "f243_qdb-d1e31744",
      "index": "",
      "version": null,
      "scans": null,
      "xml": "",
      "xml_modified_by": null,
      "xml_error_message": "",
      "tag": [250, 246, 249]
    }
  },
  {
    "model": "annotations.es_document",
    "pk": 1773,
    "fields": {
      "es_id": "f243_qdb-d1e30378",
      "index": "",
      "version": null,
      "scans": null,
      "xml": "",
      "xml_modified_by": null,
      "xml_error_message": "",
      "tag": [2770, 147, 246, 249]
    }
  },
  {
    "model": "annotations.es_document",
    "pk": 1842,
    "fields": {
      "es_id": "f243_qdb-d1e29965",
      "index": "",
      "version": null,
      "scans": null,
      "xml": "",
      "xml_modified_by": null,
      "xml_error_message": "",
      "tag": [293, 147, 246, 248]
    }
  },
  {
    "model": "annotations.es_document",
    "pk": 33,
    "fields": {
      "es_id": "f243_qdb-d1e29583",
      "index": "",
      "version": null,
      "scans": null,
      "xml": "",
      "xml_modified_by": null,
      "xml_error_message": "",
      "tag": [250, 246, 248]
    }
  },
  {
    "model": "annotations.es_document",
    "pk": 1855,
    "fields": {
      "es_id": "f243_qdb-d1e29194",
      "index": "",
      "version": null,
      "scans": null,
      "xml": "",
      "xml_modified_by": null,
      "xml_error_message": "",
      "tag": [260, 2770, 147, 246, 248]
    }
  },
  {
    "model": "annotations.es_document",
    "pk": 1858,
    "fields": {
      "es_id": "f243_qdb-d1e28611",
      "index": "",
      "version": null,
      "scans": null,
      "xml": "",
      "xml_modified_by": null,
      "xml_error_message": "",
      "tag": [2773, 147, 246, 248, 2772]
    }
  },
  {
    "model": "annotations.es_document",
    "pk": 1841,
    "fields": {
      "es_id": "f243_qdb-d1e24404",
      "index": "",
      "version": null,
      "scans": null,
      "xml": "",
      "xml_modified_by": null,
      "xml_error_message": "",
      "tag": [147, 246, 248, 2772]
    }
  },
  {
    "model": "annotations.es_document",
    "pk": 12,
    "fields": {
      "es_id": "f243_qdb-d1e14994",
      "index": "",
      "version": null,
      "scans": null,
      "xml": "",
      "xml_modified_by": null,
      "xml_error_message": "",
      "tag": [293, 147, 246, 248]
    }
  },
  {
    "model": "annotations.es_document",
    "pk": 1735,
    "fields": {
      "es_id": "f230_qdb-d1e46780",
      "index": "",
      "version": null,
      "scans": null,
      "xml": "",
      "xml_modified_by": null,
      "xml_error_message": "",
      "tag": []
    }
  },
  {
    "model": "annotations.es_document",
    "pk": 1839,
    "fields": {
      "es_id": "e216_qdb-d1e27959",
      "index": "",
      "version": null,
      "scans": null,
      "xml": "",
      "xml_modified_by": null,
      "xml_error_message": "",
      "tag": [147, 246, 248, 2769]
    }
  },
  {
    "model": "annotations.es_document",
    "pk": 1736,
    "fields": {
      "es_id": "e210_qdb-d1e26452",
      "index": "",
      "version": null,
      "scans": null,
      "xml": "",
      "xml_modified_by": null,
      "xml_error_message": "",
      "tag": []
    }
  },
  {
    "model": "annotations.es_document",
    "pk": 1808,
    "fields": {
      "es_id": "d183_qdb-d1e43257",
      "index": "",
      "version": null,
      "scans": null,
      "xml": "",
      "xml_modified_by": null,
      "xml_error_message": "",
      "tag": []
    }
  },
  {
    "model": "annotations.es_document",
    "pk": 1809,
    "fields": {
      "es_id": "d159_qdb-d1e2709",
      "index": "",
      "version": null,
      "scans": null,
      "xml": "",
      "xml_modified_by": null,
      "xml_error_message": "",
      "tag": []
    }
  },
  {
    "model": "auth.user",
    "pk": 15,
    "fields": {
      "password": "",
      "last_login": null,
      "is_superuser": false,
      "username": "ewa",
      "first_name": "",
      "last_name": "",
      "email": "",
      "is_staff": true,
      "is_active": true,
      "date_joined": "2018-11-29T18:13:26Z",
      "groups": [1],
      "user_permissions": []
    }
  },
  {
    "model": "auth.user",
    "pk": 11,
    "fields": {
      "password": "",
      "last_login": "2020-02-19T17:26:38.208Z",
      "is_superuser": false,
      "username": "swahl",
      "first_name": "Sabine",
      "last_name": "Wahl",
      "email": "",
      "is_staff": true,
      "is_active": true,
      "date_joined": "2018-11-22T14:59:30Z",
      "groups": [1],
      "user_permissions": []
    }
  },
  {
    "model": "annotations.es_document",
    "pk": 31,
    "fields": {
      "es_id": "m597_qdb-d1e21083",
      "index": "",
      "version": null,
      "scans": null,
      "xml": "",
      "xml_modified_by": null,
      "xml_error_message": "",
      "tag": []
    }
  },
  {
    "model": "annotations.es_document",
    "pk": 28,
    "fields": {
      "es_id": "f243_qdb-d1e76192",
      "index": "",
      "version": null,
      "scans": null,
      "xml": "",
      "xml_modified_by": null,
      "xml_error_message": "",
      "tag": []
    }
  },
  {
    "model": "annotations.es_document",
    "pk": 20,
    "fields": {
      "es_id": "f243_qdb-d1e74419",
      "index": "",
      "version": null,
      "scans": null,
      "xml": "",
      "xml_modified_by": null,
      "xml_error_message": "",
      "tag": [2770, 147, 246, 248]
    }
  },
  {
    "model": "annotations.es_document",
    "pk": 116,
    "fields": {
      "es_id": "f243_qdb-d1e74341",
      "index": "",
      "version": null,
      "scans": null,
      "xml": "",
      "xml_modified_by": null,
      "xml_error_message": "",
      "tag": [147, 246, 248, 2774]
    }
  },
  {
    "model": "annotations.es_document",
    "pk": 180,
    "fields": {
      "es_id": "f243_qdb-d1e74179",
      "index": "",
      "version": null,
      "scans": null,
      "xml": "",
      "xml_modified_by": null,
      "xml_error_message": "",
      "tag": [147, 246, 248, 2769]
    }
  },
  {
    "model": "annotations.es_document",
    "pk": 22,
    "fields": {
      "es_id": "f243_qdb-d1e73869",
      "index": "",
      "version": null,
      "scans": null,
      "xml": "",
      "xml_modified_by": null,
      "xml_error_message": "",
      "tag": [250, 246, 248]
    }
  },
  {
    "model": "annotations.es_document",
    "pk": 23,
    "fields": {
      "es_id": "f243_qdb-d1e73836",
      "index": "",
      "version": null,
      "scans": null,
      "xml": "",
      "xml_modified_by": null,
      "xml_error_message": "",
      "tag": [250, 246, 248]
    }
  },
  {
    "model": "annotations.es_document",
    "pk": 43,
    "fields": {
      "es_id": "f243_qdb-d1e73764",
      "index": "",
      "version": null,
      "scans": null,
      "xml": "",
      "xml_modified_by": null,
      "xml_error_message": "",
      "tag": [2770, 147, 246, 248]
    }
  },
  {
    "model": "annotations.es_document",
    "pk": 48,
    "fields": {
      "es_id": "f243_qdb-d1e73722",
      "index": "",
      "version": null,
      "scans": null,
      "xml": "",
      "xml_modified_by": null,
      "xml_error_message": "",
      "tag": [2770, 147, 246, 248]
    }
  },
  {
    "model": "annotations.es_document",
    "pk": 53,
    "fields": {
      "es_id": "f243_qdb-d1e73518",
      "index": "",
      "version": null,
      "scans": null,
      "xml": "",
      "xml_modified_by": null,
      "xml_error_message": "",
      "tag": [250, 246, 248]
    }
  },
  {
    "model": "annotations.es_document",
    "pk": 54,
    "fields": {
      "es_id": "f243_qdb-d1e73491",
      "index": "",
      "version": null,
      "scans": null,
      "xml": "",
      "xml_modified_by": null,
      "xml_error_message": "",
      "tag": [250, 246, 248]
    }
  },
  {
    "model": "annotations.es_document",
    "pk": 40,
    "fields": {
      "es_id": "f243_qdb-d1e73429",
      "index": "",
      "version": null,
      "scans": null,
      "xml": "",
      "xml_modified_by": null,
      "xml_error_message": "",
      "tag": [250, 246, 248]
    }
  },
  {
    "model": "annotations.es_document",
    "pk": 9,
    "fields": {
      "es_id": "f243_qdb-d1e73219",
      "index": "",
      "version": null,
      "scans": null,
      "xml": "",
      "xml_modified_by": null,
      "xml_error_message": "",
      "tag": [2770, 147, 246, 248]
    }
  },
  {
    "model": "annotations.es_document",
    "pk": 36,
    "fields": {
      "es_id": "f243_qdb-d1e73036",
      "index": "",
      "version": null,
      "scans": null,
      "xml": "",
      "xml_modified_by": null,
      "xml_error_message": "",
      "tag": [328, 147, 246, 248]
    }
  },
  {
    "model": "annotations.es_document",
    "pk": 49,
    "fields": {
      "es_id": "f243_qdb-d1e72937",
      "index": "",
      "version": null,
      "scans": null,
      "xml": "",
      "xml_modified_by": null,
      "xml_error_message": "",
      "tag": [293, 147, 246, 248]
    }
  },
  {
    "model": "annotations.es_document",
    "pk": 41,
    "fields": {
      "es_id": "f243_qdb-d1e72808",
      "index": "",
      "version": null,
      "scans": null,
      "xml": "",
      "xml_modified_by": null,
      "xml_error_message": "",
      "tag": [2770, 147, 246, 248]
    }
  },
  {
    "model": "annotations.es_document",
    "pk": 30,
    "fields": {
      "es_id": "f243_qdb-d1e72783",
      "index": "",
      "version": null,
      "scans": null,
      "xml": "",
      "xml_modified_by": null,
      "xml_error_message": "",
      "tag": [250, 246, 248]
    }
  },
  {
    "model": "annotations.es_document",
    "pk": 19,
    "fields": {
      "es_id": "f243_qdb-d1e72738",
      "index": "",
      "version": null,
      "scans": null,
      "xml": "",
      "xml_modified_by": null,
      "xml_error_message": "",
      "tag": [293, 147, 246, 248]
    }
  },
  {
    "model": "annotations.es_document",
    "pk": 10,
    "fields": {
      "es_id": "f243_qdb-d1e72605",
      "index": "",
      "version": null,
      "scans": null,
      "xml": "",
      "xml_modified_by": null,
      "xml_error_message": "",
      "tag": [293, 147, 246, 248]
    }
  },
  {
    "model": "annotations.es_document",
    "pk": 25,
    "fields": {
      "es_id": "f243_qdb-d1e72580",
      "index": "",
      "version": null,
      "scans": null,
      "xml": "",
      "xml_modified_by": null,
      "xml_error_message": "",
      "tag": [147, 246, 248, 2769]
    }
  },
  {
    "model": "annotations.es_document",
    "pk": 18,
    "fields": {
      "es_id": "f243_qdb-d1e72527",
      "index": "",
      "version": null,
      "scans": null,
      "xml": "",
      "xml_modified_by": null,
      "xml_error_message": "",
      "tag": [293, 147, 246, 248]
    }
  },
  {
    "model": "annotations.es_document",
    "pk": 11,
    "fields": {
      "es_id": "f243_qdb-d1e72393",
      "index": "",
      "version": null,
      "scans": null,
      "xml": "",
      "xml_modified_by": null,
      "xml_error_message": "",
      "tag": [250, 246, 248]
    }
  },
  {
    "model": "annotations.es_document",
    "pk": 26,
    "fields": {
      "es_id": "f243_qdb-d1e72366",
      "index": "",
      "version": null,
      "scans": null,
      "xml": "",
      "xml_modified_by": null,
      "xml_error_message": "",
      "tag": [250, 246, 248]
    }
  },
  {
    "model": "annotations.es_document",
    "pk": 181,
    "fields": {
      "es_id": "f243_qdb-d1e72243",
      "index": "",
      "version": null,
      "scans": null,
      "xml": "",
      "xml_modified_by": null,
      "xml_error_message": "",
      "tag": [147, 246, 248, 2769]
    }
  },
  {
    "model": "annotations.es_document",
    "pk": 32,
    "fields": {
      "es_id": "f243_qdb-d1e50821",
      "index": "",
      "version": null,
      "scans": null,
      "xml": "",
      "xml_modified_by": null,
      "xml_error_message": "",
      "tag": [250, 246, 248]
    }
  },
  {
    "model": "annotations.es_document",
    "pk": 24,
    "fields": {
      "es_id": "f243_qdb-d1e50671",
      "index": "",
      "version": null,
      "scans": null,
      "xml": "",
      "xml_modified_by": null,
      "xml_error_message": "",
      "tag": [141]
    }
  },
  {
    "model": "annotations.es_document",
    "pk": 27,
    "fields": {
      "es_id": "f243_qdb-d1e47643",
      "index": "",
      "version": null,
      "scans": null,
      "xml": "",
      "xml_modified_by": null,
      "xml_error_message": "",
      "tag": []
    }
  },
  {
    "model": "annotations.es_document",
    "pk": 44,
    "fields": {
      "es_id": "f243_qdb-d1e29167",
      "index": "",
      "version": null,
      "scans": null,
      "xml": "",
      "xml_modified_by": null,
      "xml_error_message": "",
      "tag": [2770, 147, 246, 248]
    }
  },
  {
    "model": "annotations.es_document",
    "pk": 35,
    "fields": {
      "es_id": "f243_qdb-d1e18519",
      "index": "",
      "version": null,
      "scans": null,
      "xml": "",
      "xml_modified_by": null,
      "xml_error_message": "",
      "tag": [250, 246, 248]
    }
  },
  {
    "model": "annotations.es_document",
    "pk": 16,
    "fields": {
      "es_id": "f243_qdb-d1e14810",
      "index": "",
      "version": null,
      "scans": null,
      "xml": "",
      "xml_modified_by": null,
      "xml_error_message": "",
      "tag": [1523, 147, 246, 248]
    }
  },
  {
    "model": "annotations.es_document",
    "pk": 34,
    "fields": {
      "es_id": "f230_qdb-d1e46845",
      "index": "",
      "version": null,
      "scans": null,
      "xml": "",
      "xml_modified_by": null,
      "xml_error_message": "",
      "tag": [250, 246, 248]
    }
  },
  {
    "model": "annotations.es_document",
    "pk": 13,
    "fields": {
      "es_id": "e216_qdb-d1e27936",
      "index": "",
      "version": null,
      "scans": null,
      "xml": "",
      "xml_modified_by": null,
      "xml_error_message": "",
      "tag": [147, 246, 248, 2769]
    }
  },
  {
    "model": "annotations.es_document",
    "pk": 47,
    "fields": {
      "es_id": "f243_qdb-d1e73063",
      "index": "",
      "version": null,
      "scans": null,
      "xml": "",
      "xml_modified_by": null,
      "xml_error_message": "",
      "tag": [2770, 147, 246, 248]
    }
  },
  {
    "model": "annotations.es_document",
    "pk": 45,
    "fields": {
      "es_id": "f243_qdb-d1e72630",
      "index": "",
      "version": null,
      "scans": null,
      "xml": "",
      "xml_modified_by": null,
      "xml_error_message": "",
      "tag": [147, 246, 248, 2769]
    }
  },
  {
    "model": "annotations.es_document",
    "pk": 46,
    "fields": {
      "es_id": "f243_qdb-d1e29146",
      "index": "",
      "version": null,
      "scans": null,
      "xml": "",
      "xml_modified_by": null,
      "xml_error_message": "",
      "tag": [260, 2770, 147, 246, 248]
    }
  },
  {
    "model": "auth.user",
    "pk": 1,
    "fields": {
      "password": "pbkdf2_sha256$120000$psTQG2hkmB2n$WH7YCWZ24Wx5qBi/5z6uUn6sLyuTQ0eOG+SNJvTYTBM=",
      "last_login": "2019-05-14T13:24:54.297Z",
      "is_superuser": true,
      "username": "kzaytseva",
      "first_name": "",
      "last_name": "",
      "email": "",
      "is_staff": true,
      "is_active": true,
      "date_joined": "2018-09-13T08:24:26.567Z",
      "groups": [],
      "user_permissions": []
    }
  },
  {
    "model": "siglen.sigle",
    "pk": "3.2f",
    "fields": {
      "name": "uMürzt.",
      "orig_names": "[\"Mürzt. in St.\"]",
      "kind": "kr",
      "coordinates": null,
      "geonames": null,
      "bl": "3",
      "gr": "3.2",
      "kr": null
    }
  },
  {
    "model": "siglen.sigle",
    "pk": "3.2",
    "fields": {
      "name": "mbair.ObStmk.",
      "orig_names": "[\"Obersteier\", \"Ober-ST\", \"obersteir. \", \"ObSt.\", \"Ober- u. Ostst.\", \"\\\"Gesamt-OberSt.\\\"\", \"obersteir.\", \"mbair.ObSt.\", \"Obersteier \"]",
      "kind": "gr",
      "coordinates": null,
      "geonames": null,
      "bl": "3",
      "gr": null,
      "kr": null
    }
  },
  {
    "model": "siglen.sigle",
    "pk": "3",
    "fields": {
      "name": "Stmk.",
      "orig_names": "[\"Mittelung/Anmerkung (St.)\", \"Dt.\", \"Steiermark?\", \"St. VLied:\\\"Almrausch\\\"\", \"lit.:S.\", \"Steiermark\", \"lit.:St.\", \"St.:MdaWb\", \"St.  Bair.Spr.Geb.\", \"St.\", \"St. KOsTIÁL· (1910) S. S-5077\", \" \", \"steir. \", \"Stmk. \", \"(früher) ganz St.\", \"St.:Graz/ZsLk\", \"ganz St.\", \"St.  dRegWb./Bayern\", \"Ennstl.\", \"Ennstl. \", \"St. o.O.\", \"steir.\", \"Stmk.\", \"Steiermark \", \"St.  Graz;/ZsLit\", \"St.:TxPubl./MdaLit.\", \"hist.\", \"St. \", \"St.,Sa.:TxPubl./MdaLit.St./Sa.\"]",
      "kind": "bl",
      "coordinates": null,
      "geonames": null,
      "bl": null,
      "gr": null,
      "kr": null
    }
  },
  {
    "model": "siglen.sigle",
    "pk": "5.3b",
    "fields": {
      "name": "nöSkgt.",
      "orig_names": "[\"nöSkgt.:öSkgt.:Skgt.:swTraunv.:sTraunv.: wTraunv.:Traunv.:OÖ\", \"Trauns.Geb. in OÖ\", \"Gmunden OÖGmunden OÖ\", \"öSkgt. in OÖ\", \"nöSkgt.:swTraunv.:OÖ\", \"Trauns.\"]",
      "kind": "kr",
      "coordinates": null,
      "geonames": null,
      "bl": "5",
      "gr": "5.3",
      "kr": null
    }
  },
  {
    "model": "siglen.sigle",
    "pk": "5.3",
    "fields": {
      "name": "Traunv.",
      "orig_names": "[\"Traunkreis \", \"Traunviertel\", \"Traunv.:OÖ\", \"Traunviertel \", \"Traunv. \", \"Traunkreis\", \"Traunv.\"]",
      "kind": "gr",
      "coordinates": null,
      "geonames": null,
      "bl": "5",
      "gr": null,
      "kr": null
    }
  },
  {
    "model": "siglen.sigle",
    "pk": "5",
    "fields": {
      "name": "OÖ",
      "orig_names": "[\"O.Ö.\", \"OÖ ## fehlt Aufgliederg. nach O./J.\", \"in Linz\", \"TxPubl./VLit.Tir.+OÖ (Krippensp.)\", \"Laufen an der Salzach\", \"Mühlv. \", \"im Almgebiet\", \"nur bayr. öst. Raum\", \"Neusiedler See\", \"OÖ.\", \"Weyregg a. Attersee\", \"erschlossen\", \"OÖ [2o/2.]\", \"Laufen\", \"bei Schwechat\", \"ÖMdaEWb.(1815)\", \"Slg./MdaWs.:PflN.OÖ\", \"?? // ve. Ort unter LT\", \"Reichenhall\", \"Wb:MdaDichtg\", \"Oberösterr. \", \"obDonaugeb.\", \"a.d.Steyr\", \"lit.: OÖ\", \"Grundlsee\", \"OÖ\", \"Weyregger a.Atters.\", \"hist.\", \"mkDiss./MdaGeogr.OÖ\", \"Tegernsee\", \"Mühlv.\", \"in Wels\", \"Walchensee\", \"? OÖ ## fehlt Aufgliederg. nach O./J.\", \"Hv. \", \"\\\"Donauraum\\\" ## ve. LT-O\", \"bei Steyregg\", \"allg. Anmerkung\", \"Oberösterreich \", \"Königss.\", \"Ulm\", \"OÖ \", \"am bayr. Inn\", \"1347\", \"Obernbg.a.Inn\", \"Königssee\", \"Ybbs \", \"an der Steyr\", \"Im Almgebiet\", \"\\\"Donauraum\\\" ## ve. LT-O\\\"Donauraum\\\" ## ve. LT-O\", \"Linz/ZsVk+Kultur\", \"Pinzgauer Salzach\", \"OÖ [3o/3.]\", \"Floridsdorf\", \"OÖ:TxPubl./MdaLit.OÖ\", \"SBö. Maltschgebiet\", \"Mariazell\", \"Oberndorf\", \"Ebelsberg\", \"OÖ:Vk:JBrauch\", \"weit verbr. in OÖ [3o/2.]\", \"Laufen a. Salzach\", \"OÖ. \", \"Untermühl, OÖ\", \"Donau\", \"Dürnstein\", \"\\\"obDonaugeb.\\\" ## ve. LT-O\", \"im Salzkammergut\", \"Sa.\", \"Ugb. Wien\", \"\\\"versch. Gegenden von\\\" OÖ [2o/2.]\", \"Hv.\", \"Seen um Mattsee\", \"Oberösterreich\", \"OÖ:TxPubl./MdaLit.\", \"Pinzgau, u. nördl. u. südl. davon\", \"vkPubl.:JBrauch.OÖ\", \"Helenental b. Baden\", \"Oberösterr.\", \"in Eferding\", \"erschlossen:OÖ\", \"OÖ verbr.\", \"Wiener-Neustadt\", \"Brandenberg NTir.\", \"Eidenbg. OÖ ## SammlerN erg.\", \"Steyregg\", \"in OÖ\", \"OÖ Linsad-Liad\\\"/MdaDichtg.\\\"Lins%\", \" Kirchbg. a. d. Pielach\", \"im Pinzgau\", \"\\\"obDonaugeb.\\\"\", \"o.Ang.\", \"in OÖ \", \"Werfensteiner Waistum\", \"in Hallein\", \"\\\"halb\\\" OÖ [4o/2.]\", \"mkPubl./MdaWs.:PflN\", \"in Alm OÖ\", \"Struden\", \" OÖ\", \"an Salzach in Hallein\", \"OÖ ## AutorHerk.?\", \"OÖOÖ\", \"MdaDichtg\", \"Donaugeb.\", \"In Reichenhall\"]",
      "kind": "bl",
      "coordinates": null,
      "geonames": null,
      "bl": null,
      "gr": null,
      "kr": null
    }
  },
  {
    "model": "annotations.collection",
    "pk": 1482,
    "fields": {
      "title": "ayo",
      "description": "",
      "created_by": null,
      "category": null,
      "lemma_id": null,
      "comment": "",
      "public": false,
      "deleted": false,
      "created": "2019-09-14T12:19:38.607Z",
      "modified": "2019-09-14T12:19:38.607Z",
      "es_document": [46, 44, 39, 45, 41, 47, 40, 42, 43, 38, 37],
      "curator": []
    }
  },
  {
    "model": "annotations.collection",
    "pk": 1205,
    "fields": {
      "title": "faimtesttest",
      "description": "",
      "created_by": null,
      "category": null,
      "lemma_id": null,
      "comment": "",
      "public": false,
      "deleted": false,
      "created": "2019-03-12T16:48:09.924Z",
      "modified": "2019-11-02T16:22:08.598Z",
      "es_document": [
        1809, 1808, 1736, 13, 1839, 1735, 34, 16, 35, 1841, 1858, 46, 44, 1855,
        33, 1842, 1773, 1780, 1779, 27, 24, 32, 1825, 1806, 181, 1850, 1836, 39,
        26, 11, 29, 1835, 18, 25, 10, 19, 1838, 30, 41, 1834, 49, 50, 1866, 36,
        47, 1849, 1865, 1848, 9, 1847, 1846, 1833, 40, 54, 53, 52, 42, 14, 48,
        43, 1832, 23, 22, 21, 51, 1861, 1831, 1860, 1845, 1844, 180, 38, 116,
        20, 1862, 1771, 1778, 1777, 1789, 1796, 1776, 1772, 1768, 1794, 1766,
        1793, 1797, 1795, 1784, 1775, 1787, 1767, 1791, 1786, 1764, 1785, 1792,
        1763, 28, 1857, 1126, 1077, 1076, 1645, 1642, 1815, 1805, 1818, 1759,
        1647, 1654, 1644, 1651, 1726, 31, 1731, 37, 1729, 1739, 1752, 1755,
        1803, 1727, 1753, 1748, 1812, 1811, 1814, 1823, 1738, 1741, 1754, 1819,
        1783, 1816, 1758, 1728, 1757, 1751, 1737, 1746
      ],
      "curator": []
    }
  },
  {
    "model": "annotations.collection",
    "pk": 1204,
    "fields": {
      "title": "newnametest",
      "description": "",
      "created_by": null,
      "category": null,
      "lemma_id": null,
      "comment": "",
      "public": false,
      "deleted": true,
      "created": "2019-03-12T16:47:39.225Z",
      "modified": "2020-01-10T14:32:29.356Z",
      "es_document": [
        1809, 1808, 1736, 13, 1839, 1735, 34, 16, 35, 1841, 1858, 46, 44, 1855,
        33, 1842, 1773, 1780, 1779, 27, 24, 32, 1825, 1806, 181, 1850, 1836, 39,
        26, 11, 29, 1835, 18, 25, 10, 19, 1838, 30, 41, 1834, 49, 50, 1866, 36,
        47, 1849, 1865, 1848, 9, 1847, 1846, 1833, 40, 54, 53, 52, 14, 48, 43,
        1832, 23, 22, 1861, 1831, 1860, 1845, 1844, 180, 38, 116, 20, 1862,
        1771, 1778, 1777, 1789, 1796, 1776, 1772, 1768, 1794, 1766, 1793, 1797,
        1795, 1784, 1775, 1787, 1767, 1791, 1786, 1764, 1785, 1792, 1763, 28,
        1857, 6057, 1645, 1642, 1815, 1805, 1818, 1759, 1647, 1654, 1644, 1651,
        1726, 31, 1731, 37, 1729, 1739, 1752, 1755, 1803, 1727, 1753, 1748,
        1812, 1811, 1814, 1823, 1738, 1741, 6056, 1754, 1819, 1783, 1816, 1758,
        1728, 1757, 1751, 1737, 1746
      ],
      "curator": []
    }
  },
  {
    "model": "annotations.collection",
    "pk": 1203,
    "fields": {
      "title": "Fischtesttest",
      "description": "",
      "created_by": null,
      "category": null,
      "lemma_id": null,
      "comment": "",
      "public": false,
      "deleted": true,
      "created": "2019-03-12T16:45:58.976Z",
      "modified": "2020-01-10T14:32:25.670Z",
      "es_document": [
        1809, 1808, 1736, 13, 1839, 1735, 34, 16, 35, 1841, 1858, 46, 44, 1855,
        33, 1842, 1773, 1780, 1779, 27, 24, 32, 1825, 1806, 181, 1850, 1836, 39,
        26, 11, 29, 1835, 18, 25, 10, 19, 1838, 30, 41, 1834, 49, 50, 1866, 36,
        47, 1849, 1865, 1848, 9, 1847, 1846, 1833, 40, 54, 53, 52, 14, 48, 43,
        1832, 23, 22, 1861, 1831, 1860, 1845, 1844, 180, 38, 116, 20, 1862,
        1771, 1778, 1777, 1789, 1796, 1776, 1772, 1768, 1794, 1766, 1793, 1797,
        1795, 1784, 1775, 1787, 1767, 1791, 1786, 1764, 1785, 1792, 1763, 28,
        1857, 6057, 1645, 1642, 1815, 1805, 1818, 1759, 1647, 1654, 1644, 1651,
        1726, 31, 1731, 37, 1729, 1739, 1752, 1755, 1803, 1727, 1753, 1748,
        1812, 1811, 1814, 1823, 1738, 1741, 6056, 1754, 1819, 1783, 1816, 1758,
        1728, 1757, 1751, 1737, 1746
      ],
      "curator": []
    }
  },
  {
    "model": "annotations.collection",
    "pk": 1202,
    "fields": {
      "title": "testestest",
      "description": "",
      "created_by": null,
      "category": null,
      "lemma_id": null,
      "comment": "",
      "public": false,
      "deleted": false,
      "created": "2019-03-12T16:38:25.127Z",
      "modified": "2019-11-02T16:25:32.623Z",
      "es_document": [
        1809, 1808, 1736, 13, 1839, 1735, 34, 16, 35, 1841, 1858, 46, 44, 1855,
        33, 1842, 1773, 1780, 1779, 27, 24, 32, 1825, 1806, 181, 1850, 1836, 39,
        26, 11, 29, 1835, 18, 25, 10, 19, 1838, 30, 41, 1834, 49, 50, 1866, 36,
        47, 1849, 1865, 1848, 9, 1847, 1846, 1833, 40, 54, 53, 52, 14, 48, 43,
        1832, 23, 22, 1861, 1831, 1860, 1845, 1844, 180, 38, 116, 20, 1862,
        1771, 1778, 1777, 1789, 1796, 1776, 1772, 1768, 1794, 1766, 1793, 1797,
        1795, 1784, 1775, 1787, 1767, 1791, 1786, 1764, 1785, 1792, 1763, 28,
        1857, 2276, 1261, 2340, 2365, 1148, 2366, 2280, 6035, 2339, 2313, 1143,
        1254, 1251, 1129, 2373, 1247, 6039, 1125, 1124, 1244, 2681, 2302, 6042,
        2297, 2671, 1104, 1107, 2672, 2676, 6038, 6037, 2675, 1101, 1223, 6045,
        6044, 1220, 2293, 1219, 2321, 1099, 2678, 2455, 2453, 2452, 2677, 1093,
        6040, 2346, 6043, 6041, 2304, 1090, 1206, 1084, 6055, 2465, 2515, 1067,
        6047, 2687, 1645, 1642, 1815, 1805, 1818, 1759, 6046, 1647, 1654, 1644,
        1651, 1726, 6048, 1156, 31, 1731, 37, 1729, 1739, 1752, 1755, 1803,
        1727, 1753, 1748, 1812, 1811, 6054, 1814, 1173, 6049, 6052, 6053, 6051,
        6050, 6036, 1823, 1738, 1741, 1754, 1819, 1783, 1816, 1758, 1728, 1757,
        1751, 1737, 1746
      ],
      "curator": []
    }
  },
  {
    "model": "annotations.collection",
    "pk": 1201,
    "fields": {
      "title": "feim",
      "description": "",
      "created_by": null,
      "category": null,
      "lemma_id": null,
      "comment": "",
      "public": false,
      "deleted": true,
      "created": "2019-03-12T14:46:35.979Z",
      "modified": "2020-01-10T14:32:20.590Z",
      "es_document": [
        1809, 1808, 1736, 13, 1839, 1735, 34, 16, 35, 1841, 1858, 46, 44, 1855,
        33, 1842, 1773, 1780, 1779, 27, 24, 32, 1825, 1806, 181, 1850, 1836, 39,
        26, 11, 29, 1835, 18, 25, 10, 19, 1838, 30, 41, 1834, 49, 50, 1866, 36,
        47, 1849, 1865, 1848, 9, 1847, 1846, 1833, 40, 54, 53, 52, 14, 48, 43,
        1832, 23, 22, 1861, 1831, 1860, 1845, 1844, 180, 38, 116, 20, 1862,
        1771, 1778, 1777, 1789, 1796, 1776, 1772, 1768, 1794, 1766, 1793, 1797,
        1795, 1784, 1775, 1787, 1767, 1791, 1786, 1764, 1785, 1792, 1763, 28,
        1857, 2276, 1261, 2340, 2365, 1148, 2366, 2280, 6035, 2339, 2313, 1143,
        1254, 1251, 1129, 2373, 1247, 6039, 1125, 1124, 1244, 2681, 2302, 6042,
        2297, 2671, 1104, 1107, 2672, 2676, 6038, 6037, 2675, 1101, 1223, 6045,
        6044, 1220, 2293, 1219, 2321, 1099, 2678, 2455, 2453, 2452, 2677, 1093,
        6040, 2346, 6043, 6041, 2304, 1090, 1206, 1084, 6055, 2465, 2515, 1067,
        6047, 2687, 1645, 1642, 1815, 1805, 1818, 1759, 6046, 1647, 1654, 1644,
        1651, 1726, 6048, 1156, 31, 1731, 37, 1729, 1739, 1752, 1755, 1803,
        1727, 1753, 1748, 1812, 1811, 6054, 1814, 1173, 6049, 6052, 6053, 6051,
        6050, 6036, 1823, 1738, 1741, 1754, 1819, 1783, 1816, 1758, 1728, 1757,
        1751, 1737, 1746
      ],
      "curator": []
    }
  },
  {
    "model": "annotations.collection",
    "pk": 1200,
    "fields": {
      "title": "testtest",
      "description": "[\n  {\n    \"Hauptlemma\": []\n  },\n  {\n    \"ID\": []\n  },\n  {\n    \"Nebenlemma\": []\n  },\n  {\n    \"Wortart\": []\n  },\n  {\n    \"Fragebogennummer\": []\n  },\n  {\n    \"Lautung\": []\n  },\n  {\n    \"Bedeutung\": []\n  },\n  {\n    \"Kontext\": []\n  },\n  {\n    \"Ort auf Zettel\": []\n  },\n  {\n    \"Version\": []\n  },\n  {\n    \"Actions\": []\n  }\n]",
      "created_by": null,
      "category": null,
      "lemma_id": null,
      "comment": "",
      "public": false,
      "deleted": true,
      "created": "2019-03-12T14:38:29.989Z",
      "modified": "2020-01-10T14:31:26.143Z",
      "es_document": [
        1809, 1808, 1736, 13, 1839, 1569, 1564, 1566, 1735, 34, 16, 35, 1841,
        1858, 46, 44, 1855, 33, 1842, 1773, 1780, 1779, 27, 24, 32, 1825, 1806,
        181, 1850, 1836, 39, 26, 11, 29, 1835, 18, 25, 10, 19, 1838, 30, 41,
        1834, 49, 50, 1866, 36, 47, 1849, 1865, 1848, 9, 1847, 1846, 1833, 40,
        54, 53, 52, 14, 48, 43, 1832, 23, 22, 1861, 1831, 1860, 1845, 1844, 180,
        38, 116, 20, 1862, 1771, 1778, 1777, 1789, 1796, 1776, 1772, 1768, 1794,
        1766, 1793, 1797, 1795, 1784, 1775, 1787, 1767, 1791, 1786, 1764, 1785,
        1792, 1763, 28, 1857, 1645, 1642, 1815, 1805, 1818, 1759, 1647, 1654,
        1644, 1651, 1726, 31, 1731, 37, 1729, 1739, 1752, 1755, 1803, 1727,
        1753, 1748, 1812, 1811, 1814, 1823, 1738, 1741, 1754, 1819, 1783, 1816,
        1758, 1728, 1757, 1751, 1737, 1746
      ],
      "curator": []
    }
  },
  {
    "model": "annotations.collection",
    "pk": 256,
    "fields": {
      "title": "faulig",
      "description": "",
      "created_by": null,
      "category": null,
      "lemma_id": null,
      "comment": "",
      "public": false,
      "deleted": true,
      "created": "2018-12-07T15:06:02.203Z",
      "modified": "2020-01-10T14:15:59.922Z",
      "es_document": [
        1809, 1808, 1736, 13, 1839, 1735, 34, 16, 35, 1841, 1858, 46, 44, 1855,
        33, 1842, 1773, 1780, 1779, 27, 24, 32, 1825, 1806, 181, 1850, 1836, 39,
        26, 11, 29, 1835, 18, 25, 10, 19, 1838, 30, 41, 1834, 49, 50, 1866, 36,
        47, 1849, 1865, 1848, 9, 1847, 1846, 1833, 40, 54, 53, 52, 14, 48, 43,
        1832, 23, 22, 1861, 1831, 1860, 1845, 1844, 180, 38, 116, 20, 1862,
        1771, 1778, 1777, 1789, 1796, 1776, 1772, 1768, 1794, 1766, 1793, 1797,
        1795, 1784, 1775, 1787, 1767, 1791, 1786, 1764, 1785, 1792, 1763, 28,
        1857, 1645, 1642, 1815, 1805, 1818, 1759, 1647, 1654, 1644, 1651, 1726,
        31, 1731, 37, 1729, 1739, 1752, 1755, 1803, 1727, 1753, 1748, 1812,
        1811, 1814, 1823, 1738, 1741, 1754, 1819, 1783, 1816, 1758, 1728, 1757,
        1751, 1737, 1746
      ],
      "curator": []
    }
  },
  {
    "model": "annotations.collection",
    "pk": 140,
    "fields": {
      "title": "test",
      "description": "",
      "created_by": null,
      "category": null,
      "lemma_id": null,
      "comment": "",
      "public": false,
      "deleted": true,
      "created": "2018-12-05T14:45:24.460Z",
      "modified": "2020-01-10T14:21:29.672Z",
      "es_document": [
        1809, 1808, 1736, 13, 1839, 1735, 34, 16, 35, 1841, 1858, 46, 44, 1855,
        33, 1842, 1773, 1780, 1779, 27, 24, 32, 1825, 1806, 181, 1850, 1836, 39,
        26, 11, 29, 1835, 18, 25, 10, 19, 1838, 30, 41, 1834, 49, 50, 1866, 36,
        47, 1849, 1865, 1848, 9, 1847, 1846, 1833, 40, 54, 53, 52, 14, 48, 43,
        1832, 23, 22, 1861, 1831, 1860, 1845, 1844, 180, 38, 116, 20, 1862,
        1771, 1778, 1777, 1789, 1796, 1776, 1772, 1768, 1794, 1766, 1793, 1797,
        1795, 1784, 1775, 1787, 1767, 1791, 1786, 1764, 1785, 1792, 1763, 28,
        1857, 1645, 1642, 1815, 1805, 1818, 1759, 1647, 1654, 1644, 1651, 1726,
        31, 1731, 37, 1729, 1739, 1752, 1755, 1803, 1727, 1753, 1748, 1812,
        1811, 1814, 1823, 1738, 1741, 1754, 1819, 1783, 1816, 1758, 1728, 1757,
        1751, 1737, 1746
      ],
      "curator": []
    }
  },
  {
    "model": "annotations.collection",
    "pk": 85,
    "fields": {
      "title": "faulig2",
      "description": "",
      "created_by": null,
      "category": null,
      "lemma_id": null,
      "comment": "",
      "public": false,
      "deleted": true,
      "created": "2018-11-30T14:03:08.716Z",
      "modified": "2020-01-10T14:06:56.758Z",
      "es_document": [
        1809, 1808, 1736, 13, 1839, 1735, 34, 16, 12, 35, 1841, 1858, 46, 44,
        1855, 33, 1842, 1773, 1780, 1779, 27, 15, 24, 32, 1825, 1806, 181, 1850,
        1836, 39, 26, 11, 29, 1835, 18, 25, 10, 45, 8, 5, 19, 1838, 30, 41,
        1834, 49, 50, 1866, 36, 47, 1849, 1865, 1848, 9, 7, 1847, 1846, 1833,
        40, 54, 53, 52, 42, 14, 48, 43, 1832, 23, 22, 21, 51, 1861, 1831, 1860,
        1845, 1844, 6, 180, 38, 116, 20, 1862, 1771, 1778, 1777, 1789, 1796,
        1776, 1772, 1768, 1794, 1766, 1793, 1797, 1795, 1784, 1775, 1787, 1767,
        1791, 1786, 1764, 1785, 17, 1792, 1763, 28, 1857, 1645, 1642, 1815,
        1805, 1818, 1759, 1647, 1654, 1644, 1651, 1726, 31, 1731, 37, 1729,
        1739, 1752, 1755, 1803, 1727, 1753, 1748, 1812, 1811, 1814, 1823, 1738,
        1741, 1754, 1819, 1783, 1816, 1758, 1728, 1757, 1751, 1737, 1746
      ],
      "curator": [13, 1]
    }
  },
  {
    "model": "annotations.collection",
    "pk": 78,
    "fields": {
      "title": "OmarsTestCollection2",
      "description": "Omars Test Collection",
      "created_by": null,
      "category": null,
      "lemma_id": null,
      "comment": "",
      "public": false,
      "deleted": true,
      "created": "2018-11-28T14:59:05.849Z",
      "modified": "2020-01-10T13:49:51.759Z",
      "es_document": [
        13, 34, 16, 35, 46, 44, 27, 24, 32, 181, 26, 11, 18, 25, 10, 19, 30, 41,
        49, 36, 47, 9, 40, 54, 53, 48, 43, 23, 22, 180, 116, 20, 28, 31
      ],
      "curator": [11, 15]
    }
  },
  {
    "model": "annotations.collection",
    "pk": 36,
    "fields": {
      "title": "TestCollection01",
      "description": "",
      "created_by": 1,
      "category": null,
      "lemma_id": null,
      "comment": "test",
      "public": false,
      "deleted": false,
      "created": "2018-11-22T15:13:41.557Z",
      "modified": "2020-10-16T17:53:47.525Z",
      "es_document": [46, 45, 47],
      "curator": []
    }
  },
  {
    "model": "annotations.tag",
    "pk": 248,
    "fields": {
      "name": "#simp_ja",
      "color": "#cab2d6",
      "meta": null
    }
  },
  {
    "model": "annotations.tag",
    "pk": 246,
    "fields": {
      "name": "#rel_zeit",
      "color": "#a6cee3",
      "meta": null
    }
  },
  {
    "model": "annotations.tag",
    "pk": 147,
    "fields": {
      "name": "#rel_reg",
      "color": "#b2df8a",
      "meta": null
    }
  },
  {
    "model": "annotations.tag",
    "pk": 2770,
    "fields": {
      "name": "krank",
      "color": "#F6777F",
      "meta": null
    }
  },
  {
    "model": "annotations.tag",
    "pk": 260,
    "fields": {
      "name": "#Fehler_Sigle",
      "color": "#ff7f00",
      "meta": null
    }
  },
  {
    "model": "siglen.sigle",
    "pk": "3.2f02",
    "fields": {
      "name": "Kapfenberg",
      "orig_names": "[\"Kapfenbg. St.Kapfenbg. St.\", \"Kapfenbg. St. [4o/1.]\", \"Parschlug St.\", \"Kapfenbg. St. [2o/1.]\", \"Kapfenbg. St.\"]",
      "kind": "ort",
      "coordinates": null,
      "geonames": null,
      "bl": "3",
      "gr": "3.2",
      "kr": "3.2f"
    }
  },
  {
    "model": "siglen.sigle",
    "pk": "5.3b02",
    "fields": {
      "name": "Gmunden",
      "orig_names": "[\"Schlagen in Gm. Gmunden OÖ\", \"Ort i. Traunsee\", \"Gmunden\", \"Schlagen in Gm. Gmunden OÖSchlagen in Gm. Gmunden OÖ\", \"Ort i. Traunsee, OÖ\", \"Gmunden OÖ \", \"nöSkgt.:öSkgt.:Skgt.:swTraunv.:sTraunv.: wTraunv.:Traunv.:OÖ\", \"Ort im Traunsee OÖ\", \"nöSkgt.:öSkgt.:Skgt.:swTraunv.:sTraunv.:wTraunv.:Traunv.:OÖ\", \"Gmunden OÖGmunden OÖ\", \"Ort i.Trauns.OÖ\", \"Gmunden \", \"Gmunden OÖ\", \"(Umg.) Gmunden OÖ\", \"Ort i. Traunsee OÖ\", \"Ort im Traunsee\", \"Ort im Traunsee, OÖ\"]",
      "kind": "ort",
      "coordinates": null,
      "geonames": null,
      "bl": "5",
      "gr": "5.3",
      "kr": "5.3b"
    }
  },
  {
    "model": "belege.beleg",
    "pk": "f243_qdb-d1e29146",
    "fields": {
      "orig_xml": "<ns0:entry xmlns:ns0='http://www.tei-c.org/ns/1.0' xml:id='f243_qdb-d1e29146' n='230853' source='#orig-f243_qdb-d1e29146'><ns0:form type='hauptlemma' xml:id='tu-36178.23'><ns0:orth>faulig</ns0:orth></ns0:form><ns0:gramGrp><ns0:pos>Adj</ns0:pos></ns0:gramGrp><ns0:form type='lautung' n='1' xml:id='tu-36178.27'><ns0:pron xml:lang='bar' notation='teuthonista'>faulig</ns0:pron></ns0:form><ns0:sense corresp='this:LT1' xml:id='tu-36178.28'><ns0:def xml:lang='de'>faulig</ns0:def></ns0:sense><ns0:ref type='archiv' xml:id='tu-36178.22'>HK 243, f243#1022.1 = faul0516.sch#34.1</ns0:ref><ns0:ref type='quelle' xml:id='tu-36178.24'>Weisskirchen, Pichlhöfer <ns0:certainty assertedValue='unknown' locus='value'/></ns0:ref><ns0:ref type='fragebogenNummer' xml:id='tu-36178.26'>22D3: Knochen (wörtl./übertr.) m. Adj. (fest, elend,*)</ns0:ref></ns0:entry>",
      "xeno_data": "\n*A* HK 243, f243#1022.1 = faul0516.sch#34.1\n*HL* faulig:2\n*QU* Weisskirchen, Pichlh^ofer @@@\n===\n*NR* 22D3: Knochen (w^ortl./^ubertr.) m. Adj. (fest, elend,*)\n*LT1* faulig\n*BD/LT1* faulig\n********************\n",
      "hauptlemma": "faulig",
      "nebenlemma": null,
      "archivzeile": "HK 243, f243#1022.1 = faul0516.sch#34.1",
      "quelle": "Weisskirchen, Pichlhöfer",
      "quelle_page": null,
      "quelle_bearbeitet": null,
      "bibl": null,
      "zitierweise": "[]",
      "pos": "Adj",
      "ref_type_dbo": null,
      "ref_type_sni": null,
      "xr_type_verweise_o": null,
      "xr_type_verweise_b": null,
      "fragebogen_nummer": "22D3: Knochen (wörtl./übertr.) m. Adj. (fest, elend,*)",
      "etym": "[]",
      "note_notabene": "[]",
      "note_diverse": "[]",
      "import_issue": false,
      "tag": [260, 2770, 147, 246, 248],
      "collection": [
        36, 78, 85, 140, 256, 1200, 1201, 1202, 1203, 1204, 1205, 1482
      ]
    }
  },
  {
    "model": "belege.beleg",
    "pk": "e224_qdb-d1e65954",
    "fields": {
      "orig_xml": "<ns0:entry xmlns:ns0='http://www.tei-c.org/ns/1.0' xml:id='e224_qdb-d1e65954' n='180876' source='#orig-e224_qdb-d1e65954'><ns0:form type='hauptlemma' xml:id='tu-27951.45'><ns0:orth>enker</ns0:orth></ns0:form><ns0:gramGrp><ns0:pos>Pron</ns0:pos></ns0:gramGrp><ns0:form type='lautung' n='1' xml:id='tu-27951.49'><ns0:pron xml:lang='bar' notation='teuthonista'>ėŋka</ns0:pron><ns0:gramGrp><ns0:gram> [PO2,pl;m,sg]</ns0:gram></ns0:gramGrp></ns0:form><ns0:form type='lautung' n='2' xml:id='tu-27951.50'><ns0:pron xml:lang='bar' notation='teuthonista'>ėŋka</ns0:pron><ns0:gramGrp><ns0:gram> [PO2,pl;f,sg]</ns0:gram></ns0:gramGrp></ns0:form><ns0:form type='lautung' n='3' xml:id='tu-27951.51'><ns0:pron xml:lang='bar' notation='teuthonista'>ėŋka</ns0:pron><ns0:gramGrp><ns0:gram> [PO2,pl;n,sg]</ns0:gram></ns0:gramGrp></ns0:form><ns0:form type='lautung' n='4' xml:id='tu-27951.52'><ns0:pron xml:lang='bar' notation='teuthonista'>ėŋkari</ns0:pron><ns0:gramGrp><ns0:gram> [PO2,pl;pl]</ns0:gram></ns0:gramGrp></ns0:form><ns0:cit type='kontext' n='1' xml:id='tu-27951.54'><ns0:quote xml:lang='bar'><ns0:pRef>ėŋka</ns0:pRef><ns0:seg type='gram'> [PO2,pl;m,sg] </ns0:seg> Foda</ns0:quote><ns0:interp>Fg:51</ns0:interp></ns0:cit><ns0:cit type='kontext' n='2' xml:id='tu-27951.56'><ns0:quote xml:lang='bar'><ns0:pRef>ėŋka</ns0:pRef><ns0:seg type='gram'> [PO2,pl;f,sg] </ns0:seg> Muada</ns0:quote><ns0:interp>Fg:51</ns0:interp></ns0:cit><ns0:cit type='kontext' n='3' xml:id='tu-27951.58'><ns0:quote xml:lang='bar'><ns0:pRef>ėŋka</ns0:pRef><ns0:seg type='gram'> [PO2,pl;n,sg] </ns0:seg> Haus</ns0:quote><ns0:interp>Fg:51</ns0:interp></ns0:cit><ns0:cit type='kontext' n='4' xml:id='tu-27951.60'><ns0:quote xml:lang='bar'><ns0:pRef>ėŋkari</ns0:pRef><ns0:seg type='gram'> [PO2,pl;pl] </ns0:seg> Foda'n</ns0:quote><ns0:interp>Fg:51</ns0:interp></ns0:cit><ns0:cit type='kontext' n='5' xml:id='tu-27952.2'><ns0:quote xml:lang='bar'><ns0:pRef>ėŋkari</ns0:pRef><ns0:seg type='gram'> [PO2,pl;pl] </ns0:seg> Miada</ns0:quote><ns0:interp>Fg:51</ns0:interp></ns0:cit><ns0:cit type='kontext' n='6' xml:id='tu-27952.4'><ns0:quote xml:lang='bar'><ns0:pRef>ėŋkari</ns0:pRef><ns0:seg type='gram'> [PO2,pl;pl] </ns0:seg> Haisa</ns0:quote><ns0:interp>Fg:51</ns0:interp></ns0:cit><ns0:note type='anmerkung' n='1' corresp='this:LT1' resp='O'>für alle 3 Geschl.</ns0:note><ns0:note type='anmerkung' n='1' corresp='this:LT2' resp='O'>für alle 3 Geschl.</ns0:note><ns0:note type='anmerkung' n='1' corresp='this:LT3' resp='O'>für alle 3 Geschl.</ns0:note><ns0:ref type='archiv' xml:id='tu-27951.44'>HK 224, e224#2524.1 = ess1124.pir#89.24</ns0:ref><ns0:ref type='quelle' xml:id='tu-27951.46'>Kapfenbg. Friedl</ns0:ref><ns0:ref type='quelleBearbeitet' xml:id='tu-27951.47'>{3.2f02} uMürzt.:mbair.ObSt. </ns0:ref><ns0:ref type='bibl' corresp='this:QDB'><ns0:bibl>FbB.FRIEDL· (u.1913) [SFb./Mtlg.]</ns0:bibl></ns0:ref><ns0:usg type='geo' corresp='this:QDB'><ns0:placeName type='orig'>Kapfenbg. St.</ns0:placeName><ns0:listPlace corresp='sigle:3.2f02'><ns0:place type='Bundesland'><ns0:placeName>Stmk.</ns0:placeName><ns0:idno>3</ns0:idno><ns0:listPlace><ns0:place type='Großregion'><ns0:placeName>mbair.ObStmk.</ns0:placeName><ns0:idno>3.2</ns0:idno><ns0:listPlace><ns0:place type='Kleinregion'><ns0:placeName>uMürzt.</ns0:placeName><ns0:idno>3.2f</ns0:idno><ns0:listPlace><ns0:place type='Gemeinde'><ns0:placeName>Kapfenberg</ns0:placeName><ns0:listPlace><ns0:place type='Ort'><ns0:placeName>Kapfenberg</ns0:placeName><ns0:idno>3.2f02</ns0:idno></ns0:place></ns0:listPlace></ns0:place></ns0:listPlace></ns0:place></ns0:listPlace></ns0:place></ns0:listPlace></ns0:place></ns0:listPlace></ns0:usg></ns0:entry>",
      "xeno_data": "\n*A* HK 224, e224#2524.1 = ess1124.pir#89.24\n*HL* enker:5\n*QU* Kapfenbg. Friedl\n*QDB* {3.2f02} uM^urzt.:mbair.ObSt. *@ FbB.FRIEDL^. (u.1913) [SFb./Mtlg.] *O* Kapfenbg. St.\n===\n*LT1* .eNka [PO2,pl;m,sg] *ANMO* f^ur alle 3 Geschl.\n*LT2* .eNka [PO2,pl;f,sg] *ANMO* f^ur alle 3 Geschl.\n*LT3* .eNka [PO2,pl;n,sg] *ANMO* f^ur alle 3 Geschl.\n*LT4* .eNkari [PO2,pl;pl]\n===\n*KT1* .eNka [PO2,pl;m,sg] Foda *KL* Fg:51\n===\n*KT2* .eNka [PO2,pl;f,sg] Muada *KL* Fg:51\n===\n*KT3* .eNka [PO2,pl;n,sg] Haus *KL* Fg:51\n===\n*KT4* .eNkari [PO2,pl;pl] Foda'n *KL* Fg:51\n===\n*KT5* .eNkari [PO2,pl;pl] Miada *KL* Fg:51\n===\n*KT6* .eNkari [PO2,pl;pl] Haisa *KL* Fg:51\n********************\n",
      "hauptlemma": "enker",
      "nebenlemma": null,
      "archivzeile": "HK 224, e224#2524.1 = ess1124.pir#89.24",
      "quelle": "Kapfenbg. Friedl",
      "quelle_page": null,
      "quelle_bearbeitet": "{3.2f02} uMürzt.:mbair.ObSt.",
      "bibl": "FbB.FRIEDL· (u.1913) [SFb./Mtlg.]",
      "zitierweise": "[]",
      "pos": "Pron",
      "ref_type_dbo": null,
      "ref_type_sni": null,
      "xr_type_verweise_o": null,
      "xr_type_verweise_b": null,
      "fragebogen_nummer": null,
      "etym": "[]",
      "note_notabene": "[]",
      "note_diverse": "[]",
      "import_issue": false,
      "tag": [],
      "collection": []
    }
  },
  {
    "model": "belege.beleg",
    "pk": "d198_qdbn-d16e17226",
    "fields": {
      "orig_xml": "<ns0:entry xmlns:ns0='http://www.tei-c.org/ns/1.0' xml:id='d198_qdbn-d16e17226' n='117821' source='#orig-d198_qdbn-d16e17226'><ns0:form type='hauptlemma' xml:id='tu-18135.59'><ns0:orth>tungen</ns0:orth></ns0:form><ns0:gramGrp><ns0:pos>Verb</ns0:pos></ns0:gramGrp><ns0:form type='lautung' n='1' xml:id='tu-18136.4'><ns0:pron xml:lang='bar' notation='teuthonista'>duŋəⁿ[a]</ns0:pron></ns0:form><ns0:form type='lautung' n='2' xml:id='tu-18136.5'><ns0:pron xml:lang='bar' notation='teuthonista'>i duŋ</ns0:pron><ns0:gramGrp><ns0:gram> [sg1+5P1]</ns0:gram></ns0:gramGrp></ns0:form><ns0:form type='lautung' n='3' xml:id='tu-18136.6'><ns0:pron xml:lang='bar' notation='teuthonista'>i duŋg</ns0:pron><ns0:gramGrp><ns0:gram> [sg1+5P1]</ns0:gram></ns0:gramGrp></ns0:form><ns0:form type='lautung' n='4' xml:id='tu-18136.7'><ns0:pron xml:lang='bar' notation='teuthonista'>duŋgst</ns0:pron><ns0:gramGrp><ns0:gram> [sg2]</ns0:gram></ns0:gramGrp></ns0:form><ns0:form type='lautung' n='5' xml:id='tu-18136.8'><ns0:pron xml:lang='bar' notation='teuthonista'>duŋgd</ns0:pron><ns0:gramGrp><ns0:gram> [sg3]</ns0:gram></ns0:gramGrp></ns0:form><ns0:form type='lautung' n='6' xml:id='tu-18136.9'><ns0:pron xml:lang='bar' notation='teuthonista'>duŋən</ns0:pron><ns0:gramGrp><ns0:gram> [pl1]</ns0:gram></ns0:gramGrp></ns0:form><ns0:form type='lautung' n='7' xml:id='tu-18136.10'><ns0:pron xml:lang='bar' notation='teuthonista'>duŋgts</ns0:pron><ns0:gramGrp><ns0:gram> [pl2]</ns0:gram></ns0:gramGrp></ns0:form><ns0:form type='lautung' n='8' xml:id='tu-18136.11'><ns0:pron xml:lang='bar' notation='teuthonista'>duŋənd</ns0:pron><ns0:gramGrp><ns0:gram> [pl3]</ns0:gram></ns0:gramGrp></ns0:form><ns0:form type='lautung' n='9' xml:id='tu-18136.12'><ns0:pron xml:lang='bar' notation='teuthonista'>duŋad</ns0:pron><ns0:gramGrp><ns0:gram> [kj,sg1]</ns0:gram></ns0:gramGrp></ns0:form><ns0:form type='lautung' n='10' xml:id='tu-18136.13'><ns0:pron xml:lang='bar' notation='teuthonista'>duNgad</ns0:pron><ns0:gramGrp><ns0:gram> [kj,sg1]</ns0:gram></ns0:gramGrp></ns0:form><ns0:form type='lautung' n='11' xml:id='tu-18136.14'><ns0:pron xml:lang='bar' notation='teuthonista'>h;aⁿ duNgd</ns0:pron><ns0:gramGrp><ns0:gram> [P2+6I]</ns0:gram></ns0:gramGrp></ns0:form><ns0:sense corresp='this:LT1' xml:id='tu-18136.15'><ns0:def xml:lang='de'>düngen</ns0:def><ns0:note type='anmerkung' resp='O'>allgemeinste Bed.</ns0:note></ns0:sense><ns0:ref type='archiv' xml:id='tu-18135.58'>HK 198, d198#721.1 = tung0817.pir#1.185</ns0:ref><ns0:ref type='quelle' xml:id='tu-18135.60'>Gmunden Loitlesberger</ns0:ref><ns0:ref type='quelleBearbeitet' xml:id='tu-18136.1'>{5.3b} nöSkgt.:öSkgt.:Skgt.:swTraunv.:sTraunv.: wTraunv.:Traunv.:OÖ </ns0:ref><ns0:ref type='bibl' corresp='this:QDB'><ns0:bibl>FbB.LOITLESBERGER· (19xx) [SFb./Mtlg./Slg. 'PflN+TierN.Gmunden']</ns0:bibl></ns0:ref><ns0:ref type='fragebogenNummer' xml:id='tu-18136.3'>18E8: (Feld/Wiese) düngen (misten, dummen, geilen); Bed.</ns0:ref><ns0:usg type='geo' corresp='this:QDB'><ns0:placeName type='orig'>Gmunden OÖ</ns0:placeName><ns0:listPlace corresp='sigle:5.3b02'><ns0:place type='Bundesland'><ns0:placeName>OÖ</ns0:placeName><ns0:idno>5</ns0:idno><ns0:listPlace><ns0:place type='Großregion'><ns0:placeName>Traunv.</ns0:placeName><ns0:idno>5.3</ns0:idno><ns0:listPlace><ns0:place type='Kleinregion'><ns0:placeName>nöSkgt.</ns0:placeName><ns0:idno>5.3b</ns0:idno><ns0:listPlace><ns0:place type='Gemeinde'><ns0:placeName>Gmunden</ns0:placeName><ns0:listPlace><ns0:place type='Ort'><ns0:placeName>Gmunden</ns0:placeName><ns0:idno>5.3b02</ns0:idno></ns0:place></ns0:listPlace></ns0:place></ns0:listPlace></ns0:place></ns0:listPlace></ns0:place></ns0:listPlace></ns0:place></ns0:listPlace></ns0:usg></ns0:entry>",
      "xeno_data": "\n*A* HK 198, d198#721.1 = tung0817.pir#1.185\n*HL* tungen:6\n*QU* Gmunden Loitlesberger\n*QDB* {5.3b} n^oSkgt.:^oSkgt.:Skgt.:swTraunv.:sTraunv.: wTraunv.:Traunv.:O^O *@ FbB.LOITLESBERGER^. (19xx) [SFb./Mtlg./Slg. \"PflN+TierN.Gmunden\"] *O* Gmunden O^O\n===\n*NR* 18E8: (Feld/Wiese) d^ungen (misten, dummen, geilen); Bed.\n*LT1* duNE^!n[a]\n*LT2* i duN [sg1+5P1]\n*LT3* i duNg [sg1+5P1]\n*LT4* duNgst [sg2]\n*LT5* duNgd [sg3]\n*LT6* duNEn [pl1]\n*LT7* duNgts [pl2]\n*LT8* duNEnd [pl3]\n*LT9* duNad [kj,sg1]\n*LT10* duNgad [kj,sg1]\n*LT11* h;a^!n duNgd [P2+6I]\n*BD/LT1* d^ungen *ANMO* allgemeinste Bed.\n********************\n",
      "hauptlemma": "tungen",
      "nebenlemma": null,
      "archivzeile": "HK 198, d198#721.1 = tung0817.pir#1.185",
      "quelle": "Gmunden Loitlesberger",
      "quelle_page": null,
      "quelle_bearbeitet": "{5.3b} nöSkgt.:öSkgt.:Skgt.:swTraunv.:sTraunv.: wTraunv.:Traunv.:OÖ",
      "bibl": "FbB.LOITLESBERGER· (19xx) [SFb./Mtlg./Slg. \"PflN+TierN.Gmunden\"]",
      "zitierweise": "[]",
      "pos": "Verb",
      "ref_type_dbo": null,
      "ref_type_sni": null,
      "xr_type_verweise_o": null,
      "xr_type_verweise_b": null,
      "fragebogen_nummer": "18E8: (Feld/Wiese) düngen (misten, dummen, geilen); Bed.",
      "etym": "[]",
      "note_notabene": "[]",
      "note_diverse": "[]",
      "import_issue": false,
      "tag": [],
      "collection": []
    }
  }
]
